0.2,0,0,0,0,0,0,0,2,Technical Skills
10.1,65,1,6.39,65,61,7,0,23,Tactics and Strategy
1,7,0,7,0,0,0,0,2,Tactics and Strategy
10,68,2,6.8,34,30,6,4,33,Technical Skills
7.4,31,3,4.04,10.33,15.33,3,0,30,Technical Skills
13,108,5,8.31,21.6,15.6,14,3,43,Technical Skills
22,102,0,4.64,0,0,10,4,86,Technical Skills
30,164,6,5.47,27.33,30,20,3,113,Technical Skills
332.3,1715,58,5.16,29.57,34.4,126,35,1005,Technical Skills
263.5,1391,30,5.27,46.37,52.77,117,40,861,Technical Skills
889.3,3861,160,4.34,24.13,33.36,383,28,3367,Technical Skills
559.4,2616,63,4.67,41.52,53.3,183,31,1830,Technical Skills
74,296,11,4,26.91,40.36,19,3,247,Technical Skills
38,175,4,4.61,43.75,57,12,1,125,Technical Skills
319.3,1511,64,4.73,23.61,29.95,92,42,1087,Technical Skills
30,203,3,6.77,67.67,60,26,4,98,Technical Skills
183,951,22,5.2,43.23,49.91,69,28,629,Technical Skills
17,80,1,4.71,80,102,7,3,63,Tactics and Strategy
959.2,4986,157,5.2,31.76,36.66,555,40,3366,Technical Skills
81,366,15,4.52,24.4,32.4,29,8,310,Technical Skills
625,2915,103,4.66,28.3,36.41,310,38,2359,Technical Skills
167.4,982,36,5.86,27.28,27.94,106,20,538,Technical Skills
10,73,3,7.3,24.33,20,9,2,34,Technical Skills
32.3,207,4,6.37,51.75,48.75,18,6,97,Technical Skills
97,483,17,4.98,28.41,34.24,52,3,349,Technical Skills
3,24,0,8,0,0,2,0,4,Technical Skills
20,89,3,4.45,29.67,40,9,1,84,Technical Skills
840,4169,111,4.96,37.56,45.41,275,58,2548,Technical Skills
426.5,1681,61,3.94,27.56,41.98,97,34,1498,Technical Skills
71,319,11,4.49,29,38.73,18,6,221,Technical Skills
866,4743,169,5.48,28.07,30.75,313,122,2343,Technical Skills
245.2,1102,47,4.49,23.45,31.32,106,11,908,Technical Skills
9,46,1,5.11,46,54,4,1,32,Tactics and Strategy
24,159,8,6.62,19.88,18,17,7,79,Technical Skills
13,82,2,6.31,41,39,8,1,30,Tactics and Strategy
26,154,2,5.92,77,78,19,1,88,Technical Skills
29.2,137,4,4.67,34.25,44,6,4,101,Technical Skills
63.4,388,11,6.09,35.27,34.73,38,12,212,Technical Skills
101.3,466,5,4.59,93.2,121.8,37,5,326,Technical Skills
31,174,0,5.61,0,0,15,3,91,Technical Skills
264.4,1021,44,3.86,23.2,36.09,73,24,999,Technical Skills
941,4714,176,5.01,26.78,32.08,552,30,3471,Technical Skills
32,202,7,6.31,28.86,27.43,17,5,88,Technical Skills
99,612,12,6.18,51,49.5,66,7,302,Technical Skills
29,103,7,3.55,14.71,24.86,10,0,115,Technical Skills
17.2,133,1,7.67,133,104,11,1,38,Tactics and Strategy
1317.3,6365,170,4.83,37.44,46.5,648,49,4735,Technical Skills
5,35,1,7,35,30,5,1,15,Tactics and Strategy
12,86,2,7.17,43,36,9,1,30,Tactics and Strategy
15,47,2,3.13,23.5,45,3,0,55,Technical Skills
35.4,212,8,5.94,26.5,26.75,23,3,122,Technical Skills
1215.5,5636,187,4.64,30.14,39.01,455,100,4215,Technical Skills
270.4,1142,30,4.22,38.07,54.13,64,23,917,Technical Skills
18,89,3,4.94,29.67,36,9,1,64,Technical Skills
18,114,5,6.33,22.8,21.6,13,1,54,Technical Skills
36,244,0,6.78,0,0,30,5,104,Technical Skills
183,958,21,5.23,45.62,52.29,63,20,504,Technical Skills
189.1,807,24,4.27,33.62,47.29,59,12,648,Technical Skills
47,282,6,6,47,47,25,3,173,Technical Skills
113.1,527,16,4.66,32.94,42.44,51,5,389,Technical Skills
346.1,1844,61,5.33,30.23,34.05,200,36,1230,Technical Skills
50.1,276,6,5.5,46,50.17,16,6,127,Technical Skills
137,634,13,4.63,48.77,63.23,49,18,460,Technical Skills
879.2,4086,126,4.65,32.43,41.87,382,36,2972,Technical Skills
47,202,5,4.3,40.4,56.4,15,4,179,Technical Skills
381.4,2229,70,5.84,31.84,32.71,204,53,1214,Technical Skills
10,19,1,1.9,19,60,1,0,45,Technical Skills
115,581,15,5.05,38.73,46,45,13,361,Technical Skills
10,56,1,5.6,56,60,3,3,29,Tactics and Strategy
6.1,38,0,6.16,0,0,4,0,16,Technical Skills
27,150,6,5.56,25,27,10,9,94,Technical Skills
12,78,1,6.5,78,72,3,2,23,Tactics and Strategy
4.4,26,0,5.57,0,0,2,0,11,Technical Skills
404.5,1736,47,4.29,36.94,51.68,89,24,1266,Technical Skills
373.4,2027,57,5.42,35.56,39.33,214,36,1275,Technical Skills
15.4,91,3,5.81,30.33,31.33,6,4,46,Technical Skills
110.1,591,11,5.36,53.73,60.09,40,5,287,Technical Skills
208.5,1032,41,4.94,25.17,30.56,102,12,715,Technical Skills
30,227,4,7.57,56.75,45,24,4,83,Technical Skills
769.4,3535,119,4.59,29.71,38.81,223,75,2459,Technical Skills
2,3,0,1.5,0,0,0,0,9,Technical Skills
97.2,428,18,4.4,23.78,32.44,45,5,392,Technical Skills
69,399,4,5.78,99.75,103.5,26,9,166,Technical Skills
6,36,0,6,0,0,4,0,14,Technical Skills
10,38,2,3.8,19,30,4,0,38,Technical Skills
498.3,2010,70,4.03,28.71,42.73,123,31,1734,Technical Skills
1,12,0,12,0,0,1,0,1,Precision and Consistency
19.1,140,2,7.3,70,57.5,9,3,35,Tactics and Strategy
78.2,408,12,5.21,34,39.17,32,5,246,Technical Skills
109.4,593,23,5.41,25.78,28.61,59,6,348,Technical Skills
136.5,770,19,5.63,40.53,43.21,70,12,435,Technical Skills
394.3,1763,57,4.47,30.93,41.53,162,11,1456,Technical Skills
16,104,3,6.5,34.67,32,9,1,38,Technical Skills
47.2,259,4,5.47,64.75,71,18,6,121,Technical Skills
521.1,2347,90,4.5,26.08,34.74,217,19,1852,Technical Skills
348.2,1687,58,4.84,29.09,36.03,119,35,1115,Technical Skills
137.5,760,21,5.51,36.19,39.38,87,10,490,Technical Skills
18,104,0,5.78,0,0,7,3,52,Technical Skills
155.2,802,27,5.16,29.7,34.52,98,4,560,Technical Skills
4,29,0,7.25,0,0,1,0,16,Technical Skills
1,3,0,3,0,0,0,0,4,Technical Skills
21.1,136,4,6.43,34,31.75,18,2,70,Technical Skills
14,60,2,4.29,30,42,3,2,54,Technical Skills
64.3,392,12,6.08,32.67,32.25,34,8,189,Technical Skills
33.4,181,6,5.38,30.17,33.67,21,0,120,Technical Skills
147,833,18,5.67,46.28,49,64,20,410,Technical Skills
6,33,0,5.5,0,0,4,0,16,Technical Skills
11,56,1,5.09,56,66,6,2,45,Tactics and Strategy
38,160,3,4.21,53.33,76,13,3,150,Technical Skills
0.1,4,0,24,0,0,1,0,0,Precision and Consistency
499.1,2889,91,5.79,31.75,32.91,270,42,1461,Technical Skills
110.3,608,22,5.5,27.64,30.14,61,16,381,Technical Skills
4,27,0,6.75,0,0,6,0,17,Technical Skills
20,73,2,3.65,36.5,60,8,0,86,Technical Skills
18.2,59,2,3.22,29.5,55,4,0,72,Technical Skills
113.3,542,33,4.78,16.42,20.64,52,8,425,Technical Skills
70.2,396,10,5.63,39.6,42.2,44,8,239,Technical Skills
2,10,1,5,10,12,0,0,2,Tactics and Strategy
20,98,3,4.9,32.67,40,11,0,70,Technical Skills
229.1,1206,23,5.26,52.43,59.78,81,19,647,Technical Skills
18,64,3,3.56,21.33,36,3,0,59,Technical Skills
318,1729,37,5.44,46.73,51.57,176,18,1131,Technical Skills
80,425,12,5.31,35.42,40,41,9,261,Technical Skills
45.1,269,5,5.96,53.8,54.2,26,6,136,Technical Skills
9,47,0,5.22,0,0,3,0,19,Technical Skills
58.3,337,12,5.76,28.08,29.25,29,10,189,Technical Skills
18,89,3,4.94,29.67,36,7,4,66,Technical Skills
2,10,0,5,0,0,1,0,5,Technical Skills
3,17,0,5.67,0,0,1,0,9,Technical Skills
180.5,829,26,4.58,31.88,41.73,54,22,605,Technical Skills
28.4,120,4,4.19,30,43,15,0,118,Technical Skills
16.1,140,3,8.66,46.67,32.33,18,1,47,Technical Skills
4,30,0,7.5,0,0,4,0,9,Technical Skills
2,22,0,11,0,0,3,0,4,Technical Skills
21.3,120,7,5.58,17.14,18.43,16,1,73,Technical Skills
259.3,1020,41,3.93,24.88,37.98,71,15,906,Technical Skills
57.2,310,6,5.41,51.67,57.33,31,4,191,Technical Skills
105,614,9,5.85,68.22,70,65,10,337,Technical Skills
12,67,1,5.58,67,72,1,0,32,Tactics and Strategy
4,34,0,8.5,0,0,4,1,16,Technical Skills
1,7,0,7,0,0,0,0,3,Technical Skills
3.3,12,2,3.43,6,10.5,0,0,11,Technical Skills
32.5,161,9,4.9,17.89,21.89,18,0,111,Technical Skills
46.4,221,5,4.74,44.2,56,22,2,196,Technical Skills
41,191,4,4.66,47.75,61.5,17,3,140,Technical Skills
56.1,167,14,2.97,11.93,24.07,11,4,234,Technical Skills
154.3,944,18,6.11,52.44,51.5,100,13,437,Technical Skills
8,45,0,5.62,0,0,8,0,32,Technical Skills
17,79,2,4.65,39.5,51,9,1,66,Technical Skills
68.4,427,7,6.22,61,58.86,49,5,208,Technical Skills
54,291,4,5.39,72.75,81,21,4,149,Technical Skills
171,747,36,4.37,20.75,28.5,46,14,572,Technical Skills
295.5,1556,51,5.26,30.51,34.8,184,16,1058,Technical Skills
197.3,859,28,4.35,30.68,42.32,99,10,841,Technical Skills
317.3,1485,62,4.68,23.95,30.73,134,15,1101,Technical Skills
675.2,3050,84,4.52,36.31,48.24,205,78,2252,Technical Skills
397,2123,49,5.35,43.33,48.61,141,45,1096,Technical Skills
434.3,1972,60,4.54,32.87,43.45,161,39,1463,Technical Skills
28.3,136,2,4.77,68,85.5,6,9,108,Technical Skills
115.1,543,22,4.71,24.68,31.41,25,9,328,Technical Skills
138.2,600,24,4.34,25,34.58,43,12,466,Technical Skills
3,17,0,5.67,0,0,2,0,8,Technical Skills
11,119,1,10.82,119,66,10,9,26,Tactics and Strategy
17,105,1,6.18,105,102,8,0,39,Tactics and Strategy
94,412,12,4.38,34.33,47,24,8,297,Technical Skills
40.1,184,10,4.58,18.4,24.1,17,5,164,Technical Skills
63,318,6,5.05,53,63,26,9,215,Technical Skills
75.1,416,7,5.53,59.43,64.43,33,6,210,Technical Skills
577.2,3158,111,5.47,28.45,31.21,313,59,1912,Technical Skills
25,147,6,5.88,24.5,25,23,1,100,Technical Skills
24,134,3,5.58,44.67,48,15,1,98,Technical Skills
30,115,2,3.83,57.5,90,14,1,126,Technical Skills
2,18,0,9,0,0,1,1,3,Technical Skills
23.1,92,3,3.97,30.67,46.33,9,0,86,Technical Skills
4,23,0,5.75,0,0,0,2,12,Technical Skills
27.5,119,3,4.28,39.67,55.67,8,1,89,Technical Skills
0.5,9,0,10.8,0,0,1,0,0,Precision and Consistency
4,32,0,8,0,0,5,0,9,Technical Skills
9,40,1,4.44,40,54,1,2,36,Tactics and Strategy
10,36,1,3.6,36,60,2,0,32,Tactics and Strategy
1,8,0,8,0,0,0,1,3,Tactics and Strategy
20.1,124,3,6.15,41.33,40.33,11,3,54,Technical Skills
20,144,5,7.2,28.8,24,18,4,63,Technical Skills
1131.3,6374,199,5.63,32.03,34.12,401,163,3042,Technical Skills
28,124,4,4.43,31,42,12,2,108,Technical Skills
59.1,329,8,5.56,41.12,44.38,37,5,204,Technical Skills
9,58,1,6.44,58,54,5,2,32,Tactics and Strategy
4,40,1,10,40,24,6,0,6,Tactics and Strategy
23.2,69,3,2.96,23,46.67,6,1,97,Technical Skills
228.1,1093,31,4.79,35.26,44.16,77,27,773,Technical Skills
43,260,4,6.05,65,64.5,13,6,102,Technical Skills
324,1648,29,5.09,56.83,67.03,169,10,1108,Technical Skills
144.5,824,19,5.69,43.37,45.74,86,13,458,Technical Skills
87.2,521,14,5.97,37.21,37.43,56,14,289,Technical Skills
25.2,136,2,5.37,68,76,12,1,78,Technical Skills
15,78,3,5.2,26,30,7,1,53,Technical Skills
974.3,4951,141,5.08,35.11,41.47,533,83,3446,Technical Skills
37.2,219,4,5.87,54.75,56,27,2,115,Technical Skills
1696.3,8102,346,4.78,23.42,29.42,829,73,6606,Technical Skills
66,349,10,5.29,34.9,39.6,26,8,211,Technical Skills
113.1,479,25,4.23,19.16,27.16,53,5,455,Technical Skills
384.3,1951,60,5.07,32.52,38.45,204,24,1366,Technical Skills
27.4,107,3,3.87,35.67,55.33,6,0,91,Technical Skills
0.3,8,0,16,0,0,0,1,1,Precision and Consistency
93,581,18,6.25,32.28,31,63,17,321,Technical Skills
59,324,7,5.49,46.29,50.57,34,7,203,Technical Skills
40.1,221,6,5.5,36.83,40.17,12,8,120,Technical Skills
18,118,1,6.56,118,108,7,4,45,Tactics and Strategy
97.4,582,15,5.96,38.8,39.07,51,13,291,Technical Skills
146,699,15,4.79,46.6,58.4,45,5,430,Technical Skills
518.2,3137,74,6.05,42.39,42.03,300,44,1423,Technical Skills
26,195,1,7.5,195,156,28,1,76,Tactics and Strategy
200.3,814,35,4.06,23.26,34.37,83,3,815,Technical Skills
1,9,0,9,0,0,2,0,3,Tactics and Strategy
20,140,0,7,0,0,8,8,58,Technical Skills
171.4,691,37,4.03,18.68,27.84,43,11,592,Technical Skills
18.3,71,2,3.84,35.5,55.5,4,2,65,Technical Skills
683.2,3295,146,4.82,22.57,28.08,206,53,2145,Technical Skills
2,11,0,5.5,0,0,0,0,3,Technical Skills
18,130,1,7.22,130,108,8,6,41,Tactics and Strategy
50.2,269,7,5.34,38.43,43.14,24,3,169,Technical Skills
31,175,6,5.65,29.17,31,14,6,89,Technical Skills
70,351,4,5.01,87.75,105,32,3,219,Technical Skills
1,15,0,15,0,0,1,1,1,Precision and Consistency
79.2,333,6,4.2,55.5,79.33,30,6,315,Technical Skills
36,158,5,4.39,31.6,43.2,15,2,134,Technical Skills
73,444,9,6.08,49.33,48.67,40,11,250,Technical Skills
3,28,0,9.33,0,0,3,1,6,Technical Skills
64.2,346,10,5.38,34.6,38.6,38,5,218,Technical Skills
12,59,2,4.92,29.5,36,5,1,39,Technical Skills
198.3,1270,40,6.4,31.75,29.78,134,23,587,Technical Skills
26,158,4,6.08,39.5,39,16,2,72,Technical Skills
54,321,6,5.94,53.5,54,17,8,121,Technical Skills
32,182,5,5.69,36.4,38.4,9,7,87,Technical Skills
21.1,115,5,5.43,23,25.4,9,3,76,Technical Skills
22,96,5,4.36,19.2,26.4,6,2,68,Technical Skills
505.1,2518,125,4.98,20.14,24.25,246,39,1840,Technical Skills
9,49,0,5.44,0,0,6,0,25,Technical Skills
68.1,439,6,6.44,73.17,68.17,51,9,212,Technical Skills
2,25,0,12.5,0,0,2,1,0,Precision and Consistency
11,51,1,4.64,51,66,4,0,30,Tactics and Strategy
361.3,2090,69,5.78,30.29,31.43,217,46,1193,Technical Skills
17.1,103,2,6,51.5,51.5,6,3,45,Technical Skills
3.2,28,0,8.4,0,0,3,0,6,Technical Skills
21.2,119,3,5.58,39.67,42.67,15,2,79,Technical Skills
43,276,3,6.42,92,86,25,5,113,Technical Skills
401.1,1388,67,3.46,20.72,35.93,79,36,1566,Technical Skills
103.5,679,16,6.54,42.44,38.94,71,20,308,Technical Skills
51.3,315,8,6.12,39.38,38.62,40,6,182,Technical Skills
234,1204,28,5.15,43,50.14,59,21,594,Technical Skills
20,119,1,5.95,119,120,9,2,61,Tactics and Strategy
2,16,0,8,0,0,0,1,2,Technical Skills
31.4,141,3,4.45,47,63.33,15,0,110,Technical Skills
46.4,287,6,6.15,47.83,46.67,27,8,144,Technical Skills
39.1,166,2,4.24,83,117.5,10,1,129,Technical Skills
27,146,2,5.41,73,81,16,4,106,Technical Skills
89.4,417,17,4.65,24.53,31.65,52,1,378,Technical Skills
66,406,9,6.15,45.11,44,24,10,158,Technical Skills
17,73,2,4.29,36.5,51,6,2,62,Technical Skills
10,57,1,5.7,57,60,8,0,33,Tactics and Strategy
105.1,462,21,4.39,22,30.05,45,8,404,Technical Skills
198.2,1147,32,5.78,35.84,37.19,125,16,644,Technical Skills
202.4,1075,29,5.3,37.07,41.93,122,11,742,Technical Skills
170.4,1016,28,5.95,36.29,36.57,101,18,527,Technical Skills
258,1230,30,4.77,41,51.6,109,13,837,Technical Skills
61,292,5,4.79,58.4,73.2,21,6,193,Technical Skills
125.4,714,18,5.68,39.67,41.89,71,16,392,Technical Skills
1,8,0,8,0,0,1,0,4,Technical Skills
1.1,9,0,7.71,0,0,0,1,3,Tactics and Strategy
132.5,765,24,5.76,31.88,33.21,64,11,389,Technical Skills
92,481,7,5.23,68.71,78.86,30,11,258,Technical Skills
51.2,291,5,5.67,58.2,61.6,29,5,162,Technical Skills
8,34,2,4.25,17,24,4,0,33,Technical Skills
6,22,2,3.67,11,18,2,0,23,Technical Skills
116,519,18,4.47,28.83,38.67,36,9,398,Technical Skills
3.1,21,0,6.63,0,0,3,1,12,Technical Skills
1,17,0,17,0,0,1,2,2,Precision and Consistency
13,63,1,4.85,63,78,9,0,51,Tactics and Strategy
468.2,2116,74,4.52,28.59,37.97,164,45,1729,Technical Skills
355.2,1931,74,5.43,26.09,28.81,226,29,1257,Technical Skills
163.3,878,35,5.37,25.09,28.03,84,18,569,Technical Skills
254.3,1553,43,6.1,36.12,35.51,187,31,863,Technical Skills
10,66,0,6.6,0,0,4,2,27,Technical Skills
625.2,3438,86,5.5,39.98,43.63,379,40,2146,Technical Skills
239.2,1177,49,4.92,24.02,29.31,122,22,927,Technical Skills
210.3,1356,42,6.44,32.29,30.07,156,29,664,Technical Skills
587,2581,72,4.4,35.85,48.92,228,33,2188,Technical Skills
3,17,0,5.67,0,0,1,0,6,Technical Skills
86.2,355,15,4.11,23.67,34.53,25,6,290,Technical Skills
167.1,969,25,5.8,38.76,40.12,72,23,451,Technical Skills
192.1,784,24,4.08,32.67,48.04,86,7,769,Technical Skills
28,135,4,4.82,33.75,42,4,4,77,Technical Skills
13,91,0,7,0,0,10,1,36,Technical Skills
9,43,3,4.78,14.33,18,3,0,32,Technical Skills
85,410,6,4.82,68.33,85,34,4,272,Technical Skills
1077.1,5227,150,4.85,34.85,43.09,251,69,3047,Technical Skills
315.5,1756,48,5.56,36.58,39.48,196,21,1034,Technical Skills
8,35,1,4.38,35,48,3,0,35,Tactics and Strategy
18,78,0,4.33,0,0,10,0,75,Technical Skills
8,50,1,6.25,50,48,1,3,20,Tactics and Strategy
75,367,8,4.89,45.88,56.25,35,6,266,Technical Skills
87,416,11,4.78,37.82,47.45,29,6,267,Technical Skills
247.3,1502,60,6.07,25.03,24.75,138,34,732,Technical Skills
276.3,1602,35,5.79,45.77,47.4,141,36,866,Technical Skills
17,121,1,7.12,121,102,13,2,46,Tactics and Strategy
276.4,1660,46,6,36.09,36.09,160,25,847,Technical Skills
494,2363,97,4.78,24.36,30.56,224,39,1780,Technical Skills
324.3,1554,34,4.79,45.71,57.26,105,34,1054,Technical Skills
3,26,0,8.67,0,0,5,0,11,Technical Skills
28.1,181,3,6.43,60.33,56.33,28,0,98,Technical Skills
44,225,2,5.11,112.5,132,11,3,115,Technical Skills
581.3,2962,100,5.09,29.62,34.89,295,46,2057,Technical Skills
11,83,1,7.55,83,66,12,2,33,Tactics and Strategy
13,80,0,6.15,0,0,7,0,25,Technical Skills
438,2225,72,5.08,30.9,36.5,242,21,1531,Technical Skills
260.3,1154,24,4.43,48.08,65.12,70,11,839,Technical Skills
55.1,350,12,6.34,29.17,27.58,17,9,137,Technical Skills
22,100,3,4.55,33.33,44,8,0,82,Technical Skills
18,109,0,6.06,0,0,8,3,60,Technical Skills
56,249,8,4.45,31.12,42,24,4,218,Technical Skills
91.2,451,9,4.94,50.11,60.89,29,13,277,Technical Skills
6,52,2,8.67,26,18,3,2,12,Tactics and Strategy
93.2,523,23,5.6,22.74,24.35,44,12,276,Technical Skills
252.3,1335,32,5.29,41.72,47.34,101,25,785,Technical Skills
9,40,1,4.44,40,54,5,0,33,Tactics and Strategy
40,255,7,6.38,36.43,34.29,30,1,112,Technical Skills
18,76,3,4.22,25.33,36,5,3,69,Technical Skills
303.5,1766,43,5.81,41.07,42.4,154,33,871,Technical Skills
956.1,5193,173,5.43,30.02,33.16,557,96,3192,Technical Skills
8,53,1,6.62,53,48,3,2,20,Tactics and Strategy
35.1,179,5,5.09,35.8,42.2,20,1,120,Technical Skills
1013,5256,173,5.19,30.38,35.13,517,55,3744,Technical Skills
170.3,870,12,5.1,72.5,85.25,65,11,538,Technical Skills
134.1,682,17,5.08,40.12,47.35,77,12,509,Technical Skills
45.2,326,7,7.19,46.57,38.86,41,7,138,Technical Skills
61.5,359,7,5.81,51.29,53,25,8,169,Technical Skills
130.4,705,15,5.4,47,52.27,74,8,450,Technical Skills
36.2,132,7,3.63,18.86,31.14,10,1,129,Technical Skills
45,208,9,4.62,23.11,30,21,3,163,Technical Skills
465.3,1983,44,4.26,45.07,63.48,122,19,1503,Technical Skills
10,54,1,5.4,54,60,5,1,38,Tactics and Strategy
337,1668,38,4.95,43.89,53.21,114,27,1021,Technical Skills
25,124,5,4.96,24.8,30,11,0,90,Technical Skills
12,48,2,4,24,36,4,0,41,Technical Skills
16,67,2,4.19,33.5,48,2,1,49,Technical Skills
15.5,84,2,5.31,42,47.5,7,0,55,Technical Skills
0.1,4,0,24,0,0,1,0,0,Precision and Consistency
584.5,2747,97,4.7,28.32,36.18,278,19,2223,Technical Skills
28.5,142,2,4.92,71,86.5,15,3,104,Technical Skills
31,170,5,5.48,34,37.2,21,3,122,Technical Skills
2,14,0,7,0,0,3,0,7,Technical Skills
2,9,0,4.5,0,0,1,0,6,Technical Skills
11,76,1,6.91,76,66,6,1,21,Tactics and Strategy
117,566,18,4.84,31.44,39,64,3,449,Technical Skills
173.1,1020,41,5.89,24.88,25.34,125,11,584,Technical Skills
48.5,201,8,4.12,25.12,36.62,8,6,173,Technical Skills
106.4,571,14,5.35,40.79,45.71,30,18,316,Technical Skills
2,13,1,6.5,13,12,2,0,6,Tactics and Strategy
19,124,3,6.53,41.33,38,14,2,52,Technical Skills
34.5,217,4,6.23,54.25,52.25,30,3,119,Technical Skills
190.4,947,35,4.97,27.06,32.69,90,17,619,Technical Skills
114,612,8,5.37,76.5,85.5,49,20,402,Technical Skills
18.5,94,3,4.99,31.33,37.67,10,1,68,Technical Skills
122.5,686,15,5.58,45.73,49.13,78,9,398,Technical Skills
210.1,1005,17,4.78,59.12,74.18,68,10,623,Technical Skills
9,38,1,4.22,38,54,3,0,34,Tactics and Strategy
1,8,0,8,0,0,1,0,2,Precision and Consistency
169.2,845,26,4.99,32.5,39.08,92,10,602,Technical Skills
60,281,10,4.68,28.1,36,29,2,231,Technical Skills
14,64,3,4.57,21.33,28,6,0,47,Technical Skills
38.5,201,5,5.18,40.2,46.6,14,7,120,Technical Skills
5,27,0,5.4,0,0,4,0,15,Technical Skills
137,651,15,4.75,43.4,54.8,37,22,472,Technical Skills
41,222,2,5.41,111,123,26,2,164,Technical Skills
5,41,0,8.2,0,0,3,1,14,Technical Skills
139,723,22,5.2,32.86,37.91,46,10,358,Technical Skills
18.4,123,1,6.59,123,112,20,1,63,Tactics and Strategy
619.4,3376,113,5.45,29.88,32.9,377,58,2193,Technical Skills
47,256,2,5.45,128,141,11,7,124,Technical Skills
454,2143,69,4.72,31.06,39.48,246,25,1765,Technical Skills
19,73,2,3.84,36.5,57,9,0,90,Technical Skills
1.1,11,2,9.43,5.5,3.5,2,0,4,Tactics and Strategy
31,182,6,5.87,30.33,31,13,4,93,Technical Skills
0.5,11,0,13.2,0,0,1,1,2,Precision and Consistency
62,236,12,3.81,19.67,31,24,0,250,Technical Skills
103,520,14,5.05,37.14,44.14,48,6,347,Technical Skills
323.3,1482,62,4.58,23.9,31.31,156,15,1219,Technical Skills
31.1,137,2,4.4,68.5,93.5,8,0,93,Technical Skills
20,98,2,4.9,49,60,11,0,76,Technical Skills
3,35,0,11.67,0,0,7,0,7,Technical Skills
13,77,0,5.92,0,0,3,3,36,Technical Skills
53.2,288,6,5.4,48,53.33,23,2,167,Technical Skills
18.4,80,2,4.29,40,56,6,1,59,Technical Skills
18,91,2,5.06,45.5,54,1,3,43,Technical Skills
1086.2,5883,199,5.42,29.56,32.75,456,91,3262,Technical Skills
35.3,147,2,4.14,73.5,106.5,10,2,119,Technical Skills
25,119,3,4.76,39.67,50,8,3,79,Technical Skills
133.4,698,18,5.22,38.78,44.56,39,8,352,Technical Skills
2.3,17,1,6.8,17,15,1,1,9,Tactics and Strategy
48.3,275,13,5.67,21.15,22.38,19,8,139,Technical Skills
51.4,227,10,4.39,22.7,31,21,1,201,Technical Skills
33,178,3,5.39,59.33,66,18,4,113,Technical Skills
538.2,2975,100,5.53,29.75,32.3,309,50,1763,Technical Skills
26.2,171,1,6.49,171,158,20,6,88,Tactics and Strategy
821.2,3850,79,4.69,48.73,62.38,298,45,2608,Technical Skills
15,114,0,7.6,0,0,8,3,28,Technical Skills
41,188,3,4.59,62.67,82,14,6,159,Technical Skills
3,16,0,5.33,0,0,2,0,10,Technical Skills
1,7,0,7,0,0,1,0,2,Tactics and Strategy
85,489,16,5.75,30.56,31.88,55,9,293,Technical Skills
10,73,0,7.3,0,0,3,4,27,Technical Skills
1912.2,7693,252,4.02,30.53,45.53,438,112,6496,Technical Skills
55.1,330,11,5.98,30,30.09,28,7,163,Technical Skills
7.5,22,4,2.81,5.5,11.75,1,1,36,Technical Skills
375,1907,45,5.09,42.38,50,118,37,1026,Technical Skills
11,51,1,4.64,51,66,4,1,35,Tactics and Strategy
148.2,793,23,5.35,34.48,38.7,67,17,441,Technical Skills
340.4,1555,56,4.56,27.77,36.5,175,14,1395,Technical Skills
35,258,8,7.37,32.25,26.25,36,4,112,Technical Skills
10,38,4,3.8,9.5,15,1,0,30,Technical Skills
7,20,1,2.86,20,42,2,1,35,Technical Skills
96.3,517,11,5.36,47,52.64,31,12,278,Technical Skills
16.1,104,1,6.43,104,97,7,2,43,Tactics and Strategy
10,39,2,3.9,19.5,30,2,0,33,Technical Skills
26.5,176,3,6.56,58.67,53.67,19,3,76,Technical Skills
4,25,0,6.25,0,0,2,1,11,Technical Skills
45.4,258,3,5.65,86,91.33,20,2,111,Technical Skills
448.1,2278,57,5.08,39.96,47.18,207,20,1455,Technical Skills
647.2,3157,94,4.88,33.59,41.32,367,34,2529,Technical Skills
295.3,1181,35,4,33.74,50.66,67,22,1001,Technical Skills
3,14,1,4.67,14,18,2,0,12,Tactics and Strategy
99.4,508,19,5.1,26.74,31.47,51,2,344,Technical Skills
215.1,992,41,4.61,24.2,31.49,39,18,609,Technical Skills
30,127,4,4.23,31.75,45,9,1,109,Technical Skills
2.5,17,0,6,0,0,1,0,5,Technical Skills
7,28,2,4,14,21,4,0,30,Technical Skills
6.1,26,3,4.22,8.67,12.33,2,0,23,Technical Skills
121.1,595,20,4.91,29.75,36.35,33,10,345,Technical Skills
375.3,2057,57,5.48,36.09,39.53,233,22,1310,Technical Skills
446.1,1881,64,4.22,29.39,41.83,188,18,1708,Technical Skills
8.2,52,1,6.24,52,50,5,0,17,Tactics and Strategy
251.1,1451,35,5.78,41.46,43.06,145,26,785,Technical Skills
50,211,8,4.22,26.38,37.5,18,1,205,Technical Skills
1042.3,5087,197,4.88,25.82,31.75,545,68,3834,Technical Skills
691.3,4084,96,5.91,42.54,43.22,417,67,2263,Technical Skills
19,104,1,5.47,104,114,15,2,77,Tactics and Strategy
149,870,21,5.84,41.43,42.57,108,13,541,Technical Skills
147.4,724,23,4.9,31.48,38.52,90,3,551,Technical Skills
10,28,0,2.8,0,0,3,1,47,Technical Skills
90,504,22,5.6,22.91,24.55,48,11,300,Technical Skills
274.5,1227,39,4.46,31.46,42.28,133,16,1111,Technical Skills
77,346,5,4.49,69.2,92.4,35,6,296,Technical Skills
37.3,223,4,5.95,55.75,56.25,30,2,120,Technical Skills
158,685,38,4.34,18.03,24.95,70,10,582,Technical Skills
85,452,16,5.32,28.25,31.88,41,8,307,Technical Skills
23.3,113,3,4.81,37.67,47,7,1,66,Technical Skills
7,33,0,4.71,0,0,3,0,22,Technical Skills
11,53,2,4.82,26.5,33,7,0,39,Technical Skills
29,165,4,5.69,41.25,43.5,14,5,90,Technical Skills
34,161,5,4.74,32.2,40.8,9,8,119,Technical Skills
37,228,5,6.16,45.6,44.4,18,8,116,Technical Skills
95.5,422,14,4.4,30.14,41.07,24,6,305,Technical Skills
4,42,0,10.5,0,0,6,1,9,Technical Skills
124.4,719,14,5.77,51.36,53.43,56,9,307,Technical Skills
32,189,2,5.91,94.5,96,11,2,73,Technical Skills
111,627,7,5.65,89.57,95.14,40,15,285,Technical Skills
27.2,152,4,5.56,38,41,8,1,85,Technical Skills
232.3,1204,26,5.18,46.31,53.65,110,22,749,Technical Skills
28.2,111,0,3.92,0,0,7,1,98,Technical Skills
12.1,53,1,4.36,53,73,2,0,32,Tactics and Strategy
1,17,0,17,0,0,0,2,1,Precision and Consistency
22.3,111,1,4.93,111,135,3,6,67,Tactics and Strategy
109,605,23,5.55,26.3,28.43,56,11,360,Technical Skills
182.5,1000,22,5.47,45.45,49.86,121,7,611,Technical Skills
24,145,3,6.04,48.33,48,13,2,63,Technical Skills
66.2,377,5,5.68,75.4,79.6,21,7,151,Technical Skills
27,121,0,4.48,0,0,6,4,88,Technical Skills
199.3,1148,29,5.75,39.59,41.28,114,15,634,Technical Skills
237,1368,44,5.77,31.09,32.32,169,23,835,Technical Skills
10,29,0,2.9,0,0,5,0,56,Technical Skills
3,16,0,5.33,0,0,1,0,9,Technical Skills
2.4,18,0,6.75,0,0,1,1,7,Technical Skills
350,1793,58,5.12,30.91,36.21,172,17,1276,Technical Skills
4,40,0,10,0,0,4,2,8,Technical Skills
174.3,749,32,4.29,23.41,32.72,66,8,664,Technical Skills
4,14,0,3.5,0,0,2,0,16,Technical Skills
111,720,31,6.49,23.23,21.48,85,19,361,Technical Skills
1,13,0,13,0,0,2,0,3,Precision and Consistency
124,622,23,5.02,27.04,32.35,71,10,451,Technical Skills
3,18,1,6,18,18,1,1,10,Tactics and Strategy
36.4,134,8,3.65,16.75,27.5,13,3,148,Technical Skills
73.3,302,14,4.11,21.57,31.5,19,4,245,Technical Skills
34,185,4,5.44,46.25,51,24,1,125,Technical Skills
18.5,95,6,5.04,15.83,18.83,9,2,59,Technical Skills
48,281,6,5.85,46.83,48,30,1,160,Technical Skills
16.3,109,3,6.61,36.33,33,7,7,53,Technical Skills
107,467,12,4.36,38.92,53.5,35,6,362,Technical Skills
51.2,267,4,5.2,66.75,77,23,8,171,Technical Skills
9,37,1,4.11,37,54,4,0,31,Tactics and Strategy
353,1731,38,4.9,45.55,55.74,175,28,1285,Technical Skills
878,3969,153,4.52,25.94,34.43,213,68,2830,Technical Skills
7,38,2,5.43,19,21,5,0,25,Technical Skills
171.1,951,18,5.56,52.83,57.06,50,17,429,Technical Skills
50,224,5,4.48,44.8,60,23,1,173,Technical Skills
210.3,930,25,4.42,37.2,50.52,79,16,758,Technical Skills
212,1157,38,5.46,30.45,33.47,75,28,608,Technical Skills
1017.2,3753,187,3.69,20.07,32.64,385,34,4203,Technical Skills
77,471,12,6.12,39.25,38.5,26,17,184,Technical Skills
2,12,0,6,0,0,0,0,2,Technical Skills
19,74,1,3.89,74,114,8,0,69,Tactics and Strategy
35,189,3,5.4,63,70,20,0,110,Technical Skills
15,72,3,4.8,24,30,2,3,46,Technical Skills
1,8,0,8,0,0,1,0,1,Precision and Consistency
787.3,3821,105,4.85,36.39,45,259,91,2520,Technical Skills
5,33,0,6.6,0,0,5,0,16,Technical Skills
1,5,0,5,0,0,0,0,1,Precision and Consistency
6,38,1,6.33,38,36,4,1,24,Tactics and Strategy
107.3,580,21,5.4,27.62,30.71,54,13,352,Technical Skills
8,39,0,4.88,0,0,0,1,21,Technical Skills
73.2,366,5,4.99,73.2,88,20,6,196,Technical Skills
65,410,7,6.31,58.57,55.71,26,15,159,Technical Skills
619.5,3384,70,5.46,48.34,53.13,195,77,1675,Technical Skills
8,38,0,4.75,0,0,4,0,26,Technical Skills
14,64,2,4.57,32,42,2,1,40,Technical Skills
12,73,1,6.08,73,72,5,1,27,Tactics and Strategy
121.1,665,10,5.49,66.5,72.7,67,6,375,Technical Skills
23.3,136,2,5.79,68,70.5,15,2,85,Technical Skills
6,28,1,4.67,28,36,2,0,18,Tactics and Strategy
95.2,417,21,4.37,19.86,27.24,56,6,402,Technical Skills
8.4,66,3,7.62,22,17.33,6,1,26,Technical Skills
52,236,5,4.54,47.2,62.4,7,7,149,Technical Skills
6,33,0,5.5,0,0,2,0,17,Technical Skills
5,25,0,5,0,0,4,0,20,Technical Skills
629.5,2864,104,4.55,27.54,36.34,154,50,1924,Technical Skills
10,57,1,5.7,57,60,8,1,38,Tactics and Strategy
68,354,10,5.21,35.4,40.8,22,8,204,Technical Skills
8,33,0,4.12,0,0,2,0,29,Technical Skills
18,90,2,5,45,54,2,3,45,Technical Skills
20,107,3,5.35,35.67,40,9,0,53,Technical Skills
52,277,3,5.33,92.33,104,13,7,131,Technical Skills
113.1,599,30,5.29,19.97,22.63,74,3,407,Technical Skills
468.3,2598,73,5.55,35.59,38.51,231,49,1444,Technical Skills
123.3,770,22,6.23,35,33.68,76,20,409,Technical Skills
10,68,0,6.8,0,0,6,2,22,Technical Skills
19,98,1,5.16,98,114,9,1,62,Tactics and Strategy
348.1,1620,40,4.65,40.5,52.22,70,25,947,Technical Skills
8,49,3,6.12,16.33,16,7,0,25,Technical Skills
17.3,90,3,5.14,30,35,7,2,59,Technical Skills
20,105,5,5.25,21,24,10,2,62,Technical Skills
5,33,0,6.6,0,0,3,0,8,Technical Skills
294.2,1572,35,5.34,44.91,50.46,113,24,828,Technical Skills
189.4,928,33,4.89,28.12,34.48,98,10,745,Technical Skills
68.1,352,10,5.16,35.2,40.9,20,9,209,Technical Skills
10,55,0,5.5,0,0,7,2,36,Technical Skills
61.1,272,9,4.45,30.22,40.78,19,8,217,Technical Skills
342,1577,37,4.61,42.62,55.46,109,30,1126,Technical Skills
11,67,0,6.09,0,0,6,1,25,Technical Skills
11,53,0,4.82,0,0,4,0,29,Technical Skills
287,1326,59,4.62,22.47,29.19,141,9,1084,Technical Skills
33,168,2,5.09,84,99,8,4,92,Technical Skills
298.4,1263,53,4.23,23.83,33.81,69,26,991,Technical Skills
0.3,13,0,26,0,0,0,2,0,Precision and Consistency
1917.5,8245,247,4.3,33.38,46.59,531,103,6430,Technical Skills
305.5,1822,69,5.96,26.41,26.59,185,33,944,Technical Skills
107,613,11,5.73,55.73,58.36,47,11,271,Technical Skills
13,61,1,4.69,61,78,7,2,54,Tactics and Strategy
29,132,4,4.55,33,43.5,6,3,109,Technical Skills
531.2,3084,100,5.8,30.84,31.88,310,55,1661,Technical Skills
159.3,963,30,6.04,32.1,31.9,107,25,550,Technical Skills
57,287,11,5.04,26.09,31.09,39,1,225,Technical Skills
3,25,0,8.33,0,0,3,0,6,Technical Skills
31,211,2,6.81,105.5,93,33,1,119,Technical Skills
19,73,3,3.84,24.33,38,9,0,83,Technical Skills
45,212,8,4.71,26.5,33.75,27,1,170,Technical Skills
64.3,359,15,5.57,23.93,25.8,41,6,213,Technical Skills
281.1,1129,31,4.02,36.42,54.42,55,18,927,Technical Skills
17.2,94,3,5.42,31.33,34.67,7,1,47,Technical Skills
1,3,1,3,3,6,0,0,3,Tactics and Strategy
20,89,2,4.45,44.5,60,9,0,72,Technical Skills
13,102,3,7.85,34,26,11,4,45,Technical Skills
75.5,432,11,5.7,39.27,41.36,45,5,248,Technical Skills
533.2,2960,84,5.55,35.24,38.1,297,42,1671,Technical Skills
592.4,2684,98,4.53,27.39,36.29,267,17,2229,Technical Skills
2,18,0,9,0,0,3,0,3,Technical Skills
3,31,0,10.33,0,0,5,1,10,Technical Skills
22.2,123,4,5.51,30.75,33.5,9,2,67,Technical Skills
27.3,128,3,4.65,42.67,55,8,0,78,Technical Skills
148.4,820,33,5.52,24.85,27.03,76,18,501,Technical Skills
69,364,6,5.28,60.67,69,40,3,269,Technical Skills
30,141,2,4.7,70.5,90,8,5,103,Technical Skills
225,1142,33,5.08,34.61,40.91,65,17,619,Technical Skills
540.2,2362,74,4.37,31.92,43.81,114,40,1655,Technical Skills
177.1,797,19,4.5,41.95,55.95,63,19,634,Technical Skills
33,210,4,6.36,52.5,49.5,25,3,100,Technical Skills
10,69,1,6.9,69,60,6,3,41,Tactics and Strategy
172.1,932,28,5.41,33.29,36.89,73,17,508,Technical Skills
3,15,0,5,0,0,0,0,9,Technical Skills
227.3,1166,43,5.13,27.12,31.74,126,18,801,Technical Skills
33,200,4,6.06,50,49.5,18,3,89,Technical Skills
2,16,0,8,0,0,2,0,5,Technical Skills
4.4,22,0,4.71,0,0,0,1,12,Technical Skills
4.3,22,0,4.89,0,0,3,0,15,Technical Skills
622.1,3563,115,5.73,30.98,32.46,407,50,2072,Technical Skills
151.3,950,18,6.27,52.78,50.5,90,12,414,Technical Skills
187.4,1038,33,5.53,31.45,34.12,110,17,651,Technical Skills
12,118,2,9.83,59,36,17,4,36,Tactics and Strategy
35,156,4,4.46,39,52.5,17,2,130,Technical Skills
205,879,24,4.29,36.62,51.25,48,14,671,Technical Skills
528.4,2300,78,4.35,29.49,40.67,204,30,1997,Technical Skills
75.3,488,14,6.46,34.86,32.36,53,8,212,Technical Skills
132.4,742,16,5.59,46.38,49.75,62,16,376,Technical Skills
493.2,2430,77,4.93,31.56,38.44,260,28,1737,Technical Skills
185,1038,28,5.61,37.07,39.64,119,10,654,Technical Skills
150.3,675,26,4.49,25.96,34.73,56,15,522,Technical Skills
12,102,1,8.5,102,72,7,4,24,Tactics and Strategy
8,60,0,7.5,0,0,8,0,20,Technical Skills
345.1,1603,64,4.64,25.05,32.36,149,17,1168,Technical Skills
0.5,2,0,2.4,0,0,0,0,3,Technical Skills
30.3,166,2,5.44,83,91.5,10,1,78,Technical Skills
975.5,5141,173,5.27,29.72,33.84,590,38,3406,Technical Skills
30.1,135,7,4.48,19.29,25.86,15,0,111,Technical Skills
3,29,0,9.67,0,0,5,0,12,Technical Skills
19,113,4,5.95,28.25,28.5,4,2,43,Technical Skills
400.3,1957,44,4.89,44.48,54.61,116,37,1174,Technical Skills
15,56,5,3.73,11.2,18,7,0,61,Technical Skills
23,111,0,4.83,0,0,14,1,91,Technical Skills
17.5,97,6,5.44,16.17,17.83,9,3,57,Technical Skills
131.4,690,28,5.24,24.64,28.21,51,17,405,Technical Skills
4,29,0,7.25,0,0,2,1,11,Technical Skills
923.3,4297,173,4.65,24.84,32.03,303,89,2941,Technical Skills
3,12,1,4,12,18,2,0,13,Tactics and Strategy
14.4,88,6,6,14.67,14.67,7,1,41,Technical Skills
48.2,301,7,6.23,43,41.43,34,5,149,Technical Skills
5,23,0,4.6,0,0,1,1,16,Technical Skills
16,79,3,4.94,26.33,32,9,1,59,Technical Skills
407.1,2251,63,5.53,35.73,38.78,143,61,1117,Technical Skills
15,78,4,5.2,19.5,22.5,9,1,53,Technical Skills
20.5,153,4,7.34,38.25,31.25,19,5,70,Technical Skills
3,24,0,8,0,0,5,0,9,Technical Skills
35,147,8,4.2,18.38,26.25,17,1,128,Technical Skills
5,20,0,4,0,0,2,0,16,Technical Skills
3,16,0,5.33,0,0,0,0,4,Technical Skills
637.1,2917,72,4.58,40.51,53.1,133,55,1859,Technical Skills
31,151,5,4.87,30.2,37.2,13,3,99,Technical Skills
0.5,12,0,14.4,0,0,0,1,2,Precision and Consistency
10,71,0,7.1,0,0,8,3,32,Technical Skills
21,114,5,5.43,22.8,25.2,8,1,61,Technical Skills
64.5,295,12,4.55,24.58,32.42,25,11,256,Technical Skills
119.1,500,18,4.2,27.78,39.72,43,14,495,Technical Skills
21.2,129,1,6.05,129,128,13,2,58,Tactics and Strategy
26,149,2,5.73,74.5,78,20,2,97,Technical Skills
15.3,83,1,5.35,83,93,1,1,34,Tactics and Strategy
31,155,5,5,31,37.2,14,1,97,Technical Skills
140.4,738,17,5.25,43.41,49.65,44,24,440,Technical Skills
15,76,2,5.07,38,45,5,1,43,Technical Skills
322.3,1409,55,4.37,25.62,35.18,134,14,1268,Technical Skills
196.2,1015,42,5.17,24.17,28.05,83,20,660,Technical Skills
14,61,1,4.36,61,84,3,1,48,Tactics and Strategy
12,73,3,6.08,24.33,24,9,1,36,Technical Skills
47.4,321,11,6.73,29.18,26,33,11,156,Technical Skills
343.3,1887,49,5.49,38.51,42.06,171,22,1060,Technical Skills
134.3,787,27,5.85,29.15,29.89,90,16,434,Technical Skills
4,26,0,6.5,0,0,3,0,12,Technical Skills
12,86,2,7.17,43,36,11,2,39,Technical Skills
66,327,6,4.95,54.5,66,36,3,219,Technical Skills
4,28,0,7,0,0,3,1,15,Technical Skills
7,24,0,3.43,0,0,2,0,27,Technical Skills
113.1,526,21,4.65,25.05,32.33,66,3,444,Technical Skills
194,1028,29,5.3,35.45,40.14,87,29,679,Technical Skills
8,39,2,4.88,19.5,24,6,0,29,Technical Skills
8,37,2,4.62,18.5,24,1,2,28,Technical Skills
45,188,9,4.18,20.89,30,17,1,195,Technical Skills
73.2,345,9,4.7,38.33,48.89,16,6,208,Technical Skills
114.3,485,25,4.24,19.4,27.48,40,12,437,Technical Skills
289.1,1757,56,6.08,31.38,30.98,195,29,926,Technical Skills
66.3,356,13,5.35,27.38,30.69,35,4,196,Technical Skills
14,76,0,5.43,0,0,3,1,32,Technical Skills
189.5,913,42,4.81,21.74,27.12,85,17,700,Technical Skills
8,57,0,7.12,0,0,9,0,22,Technical Skills
350.4,1666,60,4.75,27.77,35.07,98,50,1108,Technical Skills
1,13,0,13,0,0,2,0,0,Precision and Consistency
94.4,508,12,5.37,42.33,47.33,53,10,342,Technical Skills
67.5,412,12,6.07,34.33,33.92,38,8,196,Technical Skills
57,225,9,3.95,25,38,22,3,225,Technical Skills
153,849,27,5.55,31.44,34,70,13,433,Technical Skills
1105.3,4860,165,4.4,29.45,40.2,488,49,4093,Technical Skills
408,2556,71,6.26,36,34.48,244,57,1217,Technical Skills
273,1587,27,5.81,58.78,60.67,108,32,667,Technical Skills
717.3,3739,127,5.21,29.44,33.9,387,48,2478,Technical Skills
594.2,3119,74,5.25,42.15,48.19,343,36,2167,Technical Skills
40.2,191,8,4.74,23.88,30.25,16,0,119,Technical Skills
283.2,1524,47,5.38,32.43,36.17,151,22,959,Technical Skills
232.5,1139,51,4.89,22.33,27.39,103,22,838,Technical Skills
1059,5293,157,5,33.71,40.47,459,72,3423,Technical Skills
25,166,6,6.64,27.67,25,16,5,80,Technical Skills
19,132,4,6.95,33,28.5,12,6,62,Technical Skills
763.2,3509,149,4.6,23.55,30.74,368,37,2800,Technical Skills
38,208,0,5.47,0,0,20,3,113,Technical Skills
70.5,331,7,4.67,47.29,60.71,22,3,205,Technical Skills
227,985,45,4.34,21.89,30.27,90,10,824,Technical Skills
78,425,6,5.45,70.83,78,35,9,258,Technical Skills
87.5,551,13,6.27,42.38,40.54,58,9,260,Technical Skills
93.2,497,17,5.32,29.24,32.94,54,5,347,Technical Skills
260.2,1372,28,5.27,49,55.79,98,26,813,Technical Skills
22.4,160,4,7.06,40,34,11,3,46,Technical Skills
17,101,1,5.94,101,102,6,2,41,Tactics and Strategy
10,60,1,6,60,60,7,0,27,Tactics and Strategy
50.4,237,7,4.68,33.86,43.43,16,2,154,Technical Skills
121.1,681,16,5.62,42.56,45.44,82,7,422,Technical Skills
1597,7862,269,4.92,29.23,35.62,861,92,5862,Technical Skills
126,619,19,4.91,32.58,39.79,43,10,389,Technical Skills
178.5,846,24,4.73,35.25,44.71,65,11,595,Technical Skills
20,131,3,6.55,43.67,40,16,2,56,Technical Skills
7,38,1,5.43,38,42,4,0,22,Tactics and Strategy
242,1061,41,4.38,25.88,35.41,78,19,869,Technical Skills
671,2768,114,4.13,24.28,35.32,286,18,2667,Technical Skills
56.2,285,10,5.06,28.5,33.8,15,13,182,Technical Skills
73.2,340,8,4.64,42.5,55,20,7,220,Technical Skills
1,1,0,1,0,0,0,0,5,Technical Skills
88.3,403,13,4.55,31,40.85,26,1,252,Technical Skills
73.1,445,6,6.08,74.17,73.17,47,9,226,Technical Skills
45,227,9,5.04,25.22,30,25,4,163,Technical Skills
1066.1,5875,159,5.51,36.95,40.23,577,126,3554,Technical Skills
153.1,594,20,3.88,29.7,45.95,45,8,565,Technical Skills
75.3,392,18,5.19,21.78,25.17,36,5,268,Technical Skills
25,115,1,4.6,115,150,13,2,101,Tactics and Strategy
107.3,568,16,5.28,35.5,40.31,56,10,361,Technical Skills
586.3,3151,69,5.37,45.67,51,200,61,1591,Technical Skills
535.1,2962,96,5.53,30.85,33.45,250,51,1578,Technical Skills
6,47,0,7.83,0,0,7,1,18,Technical Skills
752.2,3556,134,4.73,26.54,33.69,373,56,2726,Technical Skills
526.1,2384,67,4.53,35.58,47.12,187,30,1731,Technical Skills
13,75,1,5.77,75,78,10,2,49,Tactics and Strategy
17,67,2,3.94,33.5,51,3,0,54,Technical Skills
16,93,1,5.81,93,96,7,2,47,Tactics and Strategy
330,1667,48,5.05,34.73,41.25,90,44,962,Technical Skills
157.5,980,21,6.21,46.67,45.1,107,18,469,Technical Skills
30,164,4,5.47,41,45,9,4,76,Technical Skills
49,245,11,5,22.27,26.73,31,1,181,Technical Skills
19,114,4,6,28.5,28.5,13,1,52,Technical Skills
4.4,38,0,8.14,0,0,5,0,7,Technical Skills
600.1,3216,109,5.36,29.5,33.04,348,47,2056,Technical Skills
404,2043,76,5.06,26.88,31.89,222,29,1483,Technical Skills
66.4,302,4,4.53,75.5,100,14,6,213,Technical Skills
24.1,127,3,5.26,42.33,48.33,17,0,85,Technical Skills
205.4,1308,31,6.36,42.19,39.81,145,11,585,Technical Skills
247.4,1256,42,5.07,29.9,35.38,113,18,808,Technical Skills
15,125,1,8.33,125,90,19,1,36,Tactics and Strategy
140,666,14,4.76,47.57,60,33,9,417,Technical Skills
38,193,4,5.08,48.25,57,15,3,121,Technical Skills
41.5,269,6,6.43,44.83,41.83,16,12,112,Technical Skills
1,18,0,18,0,0,3,0,3,Precision and Consistency
150.1,635,23,4.23,27.61,39.17,37,17,545,Technical Skills
8,49,1,6.12,49,48,6,0,25,Tactics and Strategy
16,73,2,4.56,36.5,48,7,2,66,Technical Skills
7.5,47,4,6,11.75,11.75,5,1,25,Technical Skills
13,76,2,5.85,38,39,6,2,44,Technical Skills
40.3,245,6,6.05,40.83,40.5,26,2,141,Technical Skills
26,158,1,6.08,158,156,12,4,68,Tactics and Strategy
857.5,4343,157,5.06,27.66,32.78,458,73,3122,Technical Skills
63.3,282,11,4.44,25.64,34.64,23,0,192,Technical Skills
16,97,0,6.06,0,0,10,1,48,Technical Skills
100.4,511,14,5.08,36.5,43.14,49,12,363,Technical Skills
369.2,1686,55,4.56,30.65,40.29,102,37,1141,Technical Skills
379.1,2161,56,5.7,38.59,40.62,148,22,936,Technical Skills
112.1,682,20,6.08,34.1,33.65,72,15,379,Technical Skills
73,391,15,5.36,26.07,29.2,41,3,307,Technical Skills
7,13,2,1.86,6.5,21,1,0,36,Technical Skills
754,3836,123,5.09,31.19,36.78,406,52,2703,Technical Skills
42,207,7,4.93,29.57,36,17,5,160,Technical Skills
360,1604,40,4.46,40.1,54,175,33,1433,Technical Skills
17,67,3,3.94,22.33,34,7,0,68,Technical Skills
0.2,4,0,12,0,0,1,0,1,Precision and Consistency
36,207,7,5.75,29.57,30.86,25,2,120,Technical Skills
18,113,2,6.28,56.5,54,9,5,56,Technical Skills
371.3,1911,86,5.14,22.22,25.92,218,34,1338,Technical Skills
13,90,0,6.92,0,0,7,2,32,Technical Skills
53.2,201,6,3.77,33.5,53.33,8,3,186,Technical Skills
110.3,482,16,4.36,30.12,41.44,37,9,415,Technical Skills
25.2,140,1,5.53,140,152,9,1,53,Tactics and Strategy
5,28,1,5.6,28,30,4,0,16,Tactics and Strategy
1354.3,6423,236,4.74,27.22,34.44,703,88,5088,Technical Skills
18.2,79,7,4.31,11.29,15.71,4,1,53,Technical Skills
2,17,0,8.5,0,0,3,0,4,Technical Skills
13,67,4,5.15,16.75,19.5,9,1,56,Technical Skills
1,8,0,8,0,0,2,0,4,Technical Skills
8,54,1,6.75,54,48,8,0,20,Tactics and Strategy
38,223,2,5.87,111.5,114,8,11,103,Technical Skills
0.2,1,0,3,0,0,0,0,1,Tactics and Strategy
13.2,72,3,5.4,24,26.67,5,3,46,Technical Skills
406.4,2096,48,5.15,43.67,50.83,189,27,1344,Technical Skills
18,93,3,5.17,31,36,8,2,70,Technical Skills
42,149,9,3.55,16.56,28,15,0,176,Technical Skills
338,1610,53,4.76,30.38,38.26,97,25,1046,Technical Skills
29,110,4,3.79,27.5,43.5,13,1,114,Technical Skills
39,159,6,4.08,26.5,39,15,1,149,Technical Skills
186.3,992,35,5.32,28.34,31.97,99,13,616,Technical Skills
80,416,11,5.2,37.82,43.64,20,6,196,Technical Skills
2,5,1,2.5,5,12,0,0,7,Tactics and Strategy
18,122,2,6.78,61,54,8,3,37,Tactics and Strategy
32.4,167,5,5.11,33.4,39.2,12,2,89,Technical Skills
217.1,1051,34,4.84,30.91,38.32,123,12,797,Technical Skills
46,257,2,5.59,128.5,138,17,7,133,Technical Skills
10,88,0,8.8,0,0,7,3,25,Technical Skills
669.2,3494,105,5.22,33.28,38.25,336,55,2230,Technical Skills
80,465,15,5.81,31,32,42,16,265,Technical Skills
157,814,19,5.18,42.84,49.58,48,21,455,Technical Skills
197.5,1020,27,5.16,37.78,43.96,69,17,548,Technical Skills
383.3,2028,56,5.29,36.21,41.09,222,36,1358,Technical Skills
208.4,1238,34,5.93,36.41,36.82,128,15,646,Technical Skills
10,83,1,8.3,83,60,11,0,21,Tactics and Strategy
1377.1,6751,199,4.9,33.92,41.52,734,87,4993,Technical Skills
1,8,0,8,0,0,1,0,2,Precision and Consistency
64.4,413,5,6.39,82.6,77.6,46,6,182,Technical Skills
54.4,285,9,5.21,31.67,36.44,24,2,164,Technical Skills
255.2,1375,50,5.39,27.5,30.64,102,35,783,Technical Skills
66.5,370,7,5.54,52.86,57.29,21,10,188,Technical Skills
20,117,2,5.85,58.5,60,11,3,63,Technical Skills
114.2,632,14,5.53,45.14,49,62,9,368,Technical Skills
5,37,2,7.4,18.5,15,1,3,16,Tactics and Strategy
63,384,7,6.1,54.86,54,30,9,169,Technical Skills
14,82,0,5.86,0,0,13,0,43,Technical Skills
150,646,24,4.31,26.92,37.5,39,8,477,Technical Skills
244.3,1310,37,5.36,35.41,39.65,80,23,632,Technical Skills
51,259,9,5.08,28.78,34,18,5,158,Technical Skills
163.1,939,31,5.75,30.29,31.58,104,15,545,Technical Skills
4.1,28,0,6.72,0,0,4,0,11,Technical Skills
865,4369,168,5.05,26.01,30.89,275,127,2641,Technical Skills
179,783,25,4.37,31.32,42.96,43,20,584,Technical Skills
122,575,23,4.71,25,31.83,44,11,442,Technical Skills
19,125,0,6.58,0,0,9,7,60,Technical Skills
218.4,1240,39,5.67,31.79,33.64,123,20,675,Technical Skills
241.1,1344,34,5.57,39.53,42.56,148,15,886,Technical Skills
19,97,4,5.11,24.25,28.5,11,1,68,Technical Skills
407.2,1914,55,4.7,34.8,44.44,172,15,1354,Technical Skills
433.3,2485,86,5.73,28.9,30.24,268,54,1448,Technical Skills
57,254,5,4.46,50.8,68.4,20,0,189,Technical Skills
30.2,172,2,5.67,86,91,18,2,96,Technical Skills
3.2,25,1,7.5,25,20,0,3,12,Tactics and Strategy
10,59,0,5.9,0,0,8,0,29,Technical Skills
44,284,5,6.45,56.8,52.8,21,6,99,Technical Skills
10,59,1,5.9,59,60,5,2,37,Tactics and Strategy
10,60,0,6,0,0,6,0,22,Technical Skills
35.4,238,5,6.67,47.6,42.8,26,4,115,Technical Skills
4,52,1,13,52,24,7,1,9,Tactics and Strategy
24,172,4,7.17,43,36,15,4,48,Technical Skills
689.5,4008,135,5.81,29.69,30.66,402,55,2105,Technical Skills
550,3124,99,5.68,31.56,33.33,320,62,1845,Technical Skills
55,261,6,4.75,43.5,55,34,1,209,Technical Skills
55,297,6,5.4,49.5,55,26,4,171,Technical Skills
18,143,1,7.94,143,108,17,5,60,Tactics and Strategy
27.2,155,3,5.67,51.67,54.67,11,5,75,Technical Skills
173,884,15,5.11,58.93,69.2,81,5,524,Technical Skills
494,2347,95,4.75,24.71,31.2,258,34,1841,Technical Skills
235.4,1335,40,5.66,33.38,35.35,124,23,760,Technical Skills
26,172,1,6.62,172,156,17,0,54,Tactics and Strategy
16,79,5,4.94,15.8,19.2,8,1,65,Technical Skills
116.5,647,20,5.54,32.35,35.05,67,12,394,Technical Skills
189,716,35,3.79,20.46,32.4,55,16,694,Technical Skills
23,157,2,6.83,78.5,69,15,1,53,Tactics and Strategy
11.5,88,1,7.44,88,71,5,0,17,Tactics and Strategy
17,137,3,8.06,45.67,34,10,5,39,Technical Skills
7,33,1,4.71,33,42,0,1,20,Tactics and Strategy
14.3,72,2,4.97,36,43.5,6,2,54,Technical Skills
58,253,10,4.36,25.3,34.8,14,1,182,Technical Skills
7,35,0,5,0,0,1,0,20,Technical Skills
70,352,11,5.03,32,38.18,35,5,235,Technical Skills
9,43,2,4.78,21.5,27,4,0,32,Technical Skills
94.2,523,17,5.54,30.76,33.29,36,10,255,Technical Skills
285.3,1612,46,5.65,35.04,37.24,161,33,974,Technical Skills
34.5,198,10,5.68,19.8,20.9,18,6,130,Technical Skills
467.4,2214,69,4.73,32.09,40.67,218,21,1719,Technical Skills
20,101,2,5.05,50.5,60,9,0,57,Technical Skills
32,167,4,5.22,41.75,48,18,1,113,Technical Skills
179.4,1138,35,6.33,32.51,30.8,133,29,639,Technical Skills
317.4,1614,37,5.08,43.62,51.51,113,28,988,Technical Skills
33.4,226,2,6.71,113,101,18,6,81,Tactics and Strategy
28,110,1,3.93,110,168,4,1,90,Tactics and Strategy
960,4761,188,4.96,25.32,30.64,508,64,3504,Technical Skills
10,64,0,6.4,0,0,8,2,32,Technical Skills
169.2,563,31,3.32,18.16,32.77,26,10,663,Technical Skills
1462.1,5769,267,3.95,21.61,32.86,314,73,5154,Technical Skills
1278.4,5839,236,4.57,24.74,32.51,647,68,4897,Technical Skills
84.3,616,16,7.29,38.5,31.69,54,10,245,Technical Skills
132.2,742,29,5.61,25.59,27.38,89,17,479,Technical Skills
5,21,0,4.2,0,0,0,0,12,Technical Skills
6,8,1,1.33,8,36,0,0,29,Technical Skills
6.5,42,0,6.15,0,0,4,1,18,Technical Skills
350.1,1623,55,4.63,29.51,38.2,123,21,1148,Technical Skills
5.1,18,2,3.48,9,15.5,0,0,22,Technical Skills
14.2,69,2,4.81,34.5,43,4,0,41,Technical Skills
6,37,1,6.17,37,36,2,1,15,Tactics and Strategy
95,516,12,5.43,43,47.5,55,11,345,Technical Skills
1,10,0,10,0,0,2,0,2,Precision and Consistency
70.3,377,10,5.35,37.7,42.3,37,6,225,Technical Skills
1,12,0,12,0,0,2,0,1,Precision and Consistency
25.3,127,1,4.98,127,153,9,2,73,Tactics and Strategy
388.1,1954,61,5.03,32.03,38.18,138,49,1224,Technical Skills
69,326,12,4.72,27.17,34.5,34,4,287,Technical Skills
1040,5420,237,5.21,22.87,26.33,543,85,3712,Technical Skills
180.4,752,15,4.16,50.13,72.27,87,9,753,Technical Skills
0.5,5,1,6,5,5,0,0,2,Tactics and Strategy
549.5,3039,77,5.53,39.47,42.84,319,44,1762,Technical Skills
35,193,2,5.51,96.5,105,12,3,88,Technical Skills
37,280,7,7.57,40,31.71,28,10,119,Technical Skills
88.1,436,14,4.95,31.14,37.79,36,8,278,Technical Skills
6,38,0,6.33,0,0,5,0,14,Technical Skills
724.4,3788,82,5.23,46.2,53.02,219,83,2028,Technical Skills
174.1,839,13,4.82,64.54,80.38,101,11,685,Technical Skills
161.5,670,23,4.14,29.13,42.22,40,10,580,Technical Skills
18,125,1,6.94,125,108,15,2,49,Tactics and Strategy
8,44,1,5.5,44,48,3,1,19,Tactics and Strategy
3,18,0,6,0,0,1,0,5,Technical Skills
1.5,19,0,10.36,0,0,2,1,3,Technical Skills
27.2,124,5,4.54,24.8,32.8,9,4,93,Technical Skills
2,15,0,7.5,0,0,2,0,3,Technical Skills
20,102,2,5.1,51,60,5,1,59,Technical Skills
6,30,0,5,0,0,3,0,18,Technical Skills
1721.4,8517,251,4.95,33.93,41.16,833,137,6054,Technical Skills
5,37,1,7.4,37,30,5,0,13,Tactics and Strategy
1,18,0,18,0,0,4,0,1,Precision and Consistency
6,20,1,3.33,20,36,2,0,22,Tactics and Strategy
0.4,4,0,6,0,0,1,0,3,Tactics and Strategy
98,460,19,4.69,24.21,30.95,49,4,366,Technical Skills
67,347,8,5.18,43.38,50.25,28,4,195,Technical Skills
90.3,520,16,5.75,32.5,33.94,55,9,303,Technical Skills
14,52,2,3.71,26,42,6,0,54,Technical Skills
155.2,641,18,4.13,35.61,51.78,37,16,542,Technical Skills
67,371,8,5.54,46.38,50.25,27,7,175,Technical Skills
176,999,27,5.68,37,39.11,97,7,496,Technical Skills
22,119,4,5.41,29.75,33,6,3,58,Technical Skills
76,409,13,5.38,31.46,35.08,29,7,231,Technical Skills
19.5,121,0,6.1,0,0,14,4,68,Technical Skills
32,182,2,5.69,91,96,17,1,91,Technical Skills
20,80,2,4,40,60,1,1,56,Technical Skills
765.2,3694,106,4.83,34.85,43.32,247,92,2347,Technical Skills
3,24,0,8,0,0,2,1,9,Technical Skills
32.1,162,3,5.04,54,64.33,7,2,75,Technical Skills
40,235,2,5.88,117.5,120,26,1,116,Technical Skills
10,46,2,4.6,23,30,5,0,40,Technical Skills
755.3,3704,131,4.9,28.27,34.6,398,37,2764,Technical Skills
20,110,2,5.5,55,60,7,0,56,Technical Skills
123,634,15,5.15,42.27,49.2,49,18,382,Technical Skills
153.5,672,20,4.37,33.6,46.15,51,11,541,Technical Skills
1248.1,6038,239,4.84,25.26,31.33,613,59,4522,Technical Skills
36.4,239,3,6.52,79.67,73.33,30,6,119,Technical Skills
222,1075,21,4.84,51.19,63.43,63,12,631,Technical Skills
38,196,0,5.16,0,0,20,0,130,Technical Skills
10.2,58,1,5.61,58,62,7,0,34,Tactics and Strategy
325,1308,45,4.02,29.07,43.33,136,10,1234,Technical Skills
4,30,0,7.5,0,0,2,1,7,Technical Skills
430.5,2146,57,4.98,37.65,45.35,100,27,1150,Technical Skills
5,13,1,2.6,13,30,1,0,20,Technical Skills
23.5,109,1,4.57,109,143,15,0,94,Tactics and Strategy
18.1,98,4,5.39,24.5,27.25,4,3,53,Technical Skills
712.5,3722,141,5.22,26.4,30.33,395,70,2494,Technical Skills
217.5,1152,32,5.29,36,40.84,143,7,788,Technical Skills
11,95,0,8.64,0,0,10,4,28,Technical Skills
189.3,989,28,5.22,35.32,40.61,106,20,701,Technical Skills
389.2,2313,82,5.94,28.21,28.49,246,35,1247,Technical Skills
3,16,0,5.33,0,0,1,0,7,Technical Skills
14,95,2,6.79,47.5,42,15,1,47,Technical Skills
812.3,3961,107,4.88,37.02,45.56,231,107,2461,Technical Skills
26.2,161,3,6.11,53.67,52.67,12,5,67,Technical Skills
66.2,295,12,4.45,24.58,33.17,19,8,223,Technical Skills
22,150,5,6.82,30,26.4,8,8,64,Technical Skills
71,363,9,5.11,40.33,47.33,39,3,241,Technical Skills
50,254,8,5.08,31.75,37.5,27,1,177,Technical Skills
75,474,9,6.32,52.67,50,44,11,232,Technical Skills
57.5,402,8,6.95,50.25,43.38,44,7,156,Technical Skills
172,1078,14,6.27,77,73.71,101,14,492,Technical Skills
15,64,2,4.27,32,45,6,0,51,Technical Skills
998,5311,111,5.32,47.85,53.95,337,122,2701,Technical Skills
45,270,4,6,67.5,67.5,20,6,128,Technical Skills
525.4,2603,86,4.95,30.27,36.67,283,29,1904,Technical Skills
186.5,1020,31,5.46,32.9,36.16,120,14,643,Technical Skills
17,88,3,5.18,29.33,34,8,0,57,Technical Skills
4,26,0,6.5,0,0,2,0,18,Technical Skills
783.5,3804,78,4.85,48.77,60.29,254,46,2344,Technical Skills
111,566,10,5.1,56.6,66.6,28,12,301,Technical Skills
2,22,0,11,0,0,2,1,1,Technical Skills
46.4,164,9,3.51,18.22,31.11,10,8,195,Technical Skills
44.1,263,6,5.95,43.83,44.17,32,0,147,Technical Skills
108,509,7,4.71,72.71,92.57,41,9,340,Technical Skills
44,166,6,3.77,27.67,44,13,4,174,Technical Skills
27,153,1,5.67,153,162,12,3,79,Tactics and Strategy
502.1,2400,81,4.78,29.63,37.2,234,27,1769,Technical Skills
108,619,15,5.73,41.27,43.2,43,11,285,Technical Skills
323.4,1524,46,4.71,33.13,42.22,187,9,1236,Technical Skills
2,10,0,5,0,0,1,0,6,Technical Skills
21.1,110,3,5.2,36.67,42.33,6,1,61,Technical Skills
1288.4,5402,139,4.19,38.86,55.63,275,82,4030,Technical Skills
77.1,497,12,6.44,41.42,38.58,57,8,226,Technical Skills
518.1,2549,83,4.92,30.71,37.46,286,22,1885,Technical Skills
51,264,6,5.18,44,51,23,8,186,Technical Skills
24,144,5,6,28.8,28.8,14,0,69,Technical Skills
2,12,0,6,0,0,1,0,6,Technical Skills
1254.4,5355,168,4.27,31.88,44.81,308,103,4119,Technical Skills
185.1,1038,28,5.61,37.07,39.68,101,19,563,Technical Skills
289.1,1529,48,5.29,31.85,36.15,165,24,1010,Technical Skills
295.4,1507,42,5.1,35.88,42.24,92,46,871,Technical Skills
791.3,3451,90,4.36,38.34,52.77,235,61,2677,Technical Skills
213.5,1279,41,5.98,31.2,31.29,124,16,606,Technical Skills
10.2,70,0,6.77,0,0,7,1,38,Technical Skills
684.4,3429,118,5.01,29.06,34.81,353,28,2645,Technical Skills
38,212,9,5.58,23.56,25.33,18,4,115,Technical Skills
42.2,216,5,5.1,43.2,50.8,25,2,157,Technical Skills
20.2,146,4,7.18,36.5,30.5,19,2,57,Technical Skills
81.5,383,9,4.68,42.56,54.56,30,3,256,Technical Skills
160.2,856,34,5.34,25.18,28.29,88,12,529,Technical Skills
0.2,1,1,3,1,2,0,0,1,Tactics and Strategy
20,104,3,5.2,34.67,40,11,0,70,Technical Skills
21,105,2,5,52.5,63,12,1,66,Technical Skills
20,70,2,3.5,35,60,3,1,70,Technical Skills
830.5,4618,195,5.56,23.68,25.56,520,93,2898,Technical Skills
304.1,1549,68,5.09,22.78,26.84,194,24,1151,Technical Skills
39,190,7,4.87,27.14,33.43,13,5,119,Technical Skills
188.2,969,17,5.15,57,66.47,66,18,532,Technical Skills
33,147,4,4.45,36.75,49.5,8,4,106,Technical Skills
38,191,7,5.03,27.29,32.57,20,0,113,Technical Skills
7.1,39,0,5.44,0,0,3,1,24,Technical Skills
342.1,2059,48,6.02,42.9,42.77,174,38,939,Technical Skills
131.4,646,16,4.91,40.38,49.38,39,7,358,Technical Skills
360.3,2083,59,5.78,35.31,36.66,221,42,1229,Technical Skills
253.3,1369,37,5.4,37,41.11,155,20,943,Technical Skills
364.5,2009,56,5.51,35.88,39.09,164,38,1100,Technical Skills
17.5,79,4,4.43,19.75,26.75,3,1,51,Technical Skills
59,293,3,4.97,97.67,118,18,5,172,Technical Skills
8,64,0,8,0,0,7,2,22,Technical Skills
583.4,2354,100,4.03,23.54,35.02,154,46,2100,Technical Skills
6,31,1,5.17,31,36,3,0,18,Tactics and Strategy
13,76,2,5.85,38,39,5,2,44,Technical Skills
234.4,965,45,4.11,21.44,31.29,83,8,900,Technical Skills
218,980,24,4.5,40.83,54.5,72,14,725,Technical Skills
24,143,3,5.96,47.67,48,8,6,75,Technical Skills
11,50,1,4.55,50,66,5,1,45,Tactics and Strategy
279.2,1353,46,4.84,29.41,36.43,140,20,1016,Technical Skills
2.2,22,0,9.43,0,0,3,1,6,Technical Skills
9,38,2,4.22,19,27,5,0,36,Technical Skills
37.1,238,6,6.4,39.67,37.17,31,2,119,Technical Skills
18,104,3,5.78,34.67,36,9,1,62,Technical Skills
16.1,101,2,6.25,50.5,48.5,13,2,53,Technical Skills
22,133,1,6.05,133,132,7,6,62,Tactics and Strategy
17.2,129,5,7.44,25.8,20.8,17,3,53,Technical Skills
8.5,66,0,7.47,0,0,7,1,24,Technical Skills
660.3,2857,100,4.33,28.57,39.63,215,51,2354,Technical Skills
39,217,5,5.56,43.4,46.8,29,5,160,Technical Skills
18,89,0,4.94,0,0,6,1,47,Technical Skills
176,758,16,4.31,47.38,66,83,6,681,Technical Skills
39.5,193,2,4.85,96.5,119.5,15,1,115,Technical Skills
833.5,4306,164,5.16,26.26,30.51,425,65,2799,Technical Skills
21,54,0,2.57,0,0,4,1,94,Technical Skills
163,816,16,5.01,51,61.12,50,3,495,Technical Skills
49.3,337,5,6.81,67.4,59.4,46,2,144,Technical Skills
23,138,5,6,27.6,27.6,16,3,75,Technical Skills
67,387,9,5.78,43,44.67,26,7,163,Technical Skills
34.4,203,5,5.86,40.6,41.6,13,6,95,Technical Skills
12,66,0,5.5,0,0,2,2,28,Technical Skills
405.1,1864,53,4.6,35.17,45.87,100,37,1245,Technical Skills
24.4,129,5,5.23,25.8,29.6,13,4,94,Technical Skills
83,474,6,5.71,79,83,26,7,203,Technical Skills
51,213,11,4.18,19.36,27.82,13,3,172,Technical Skills
48,206,4,4.29,51.5,72,9,4,145,Technical Skills
12,88,0,7.33,0,0,10,1,31,Technical Skills
56,260,3,4.64,86.67,112,20,5,184,Technical Skills
86.4,519,20,5.99,25.95,26,51,9,283,Technical Skills
8.5,69,3,7.81,23,17.67,11,0,30,Technical Skills
216.4,955,42,4.41,22.74,30.95,78,14,805,Technical Skills
28.1,174,6,6.18,29,28.17,9,5,70,Technical Skills
390.5,2340,63,5.99,37.14,37.22,249,40,1215,Technical Skills
3,10,0,3.33,0,0,0,0,9,Technical Skills
421.1,2197,59,5.22,37.24,42.83,190,38,1482,Technical Skills
13.3,88,3,6.52,29.33,27,5,4,34,Technical Skills
70,481,6,6.87,80.17,70,54,11,206,Technical Skills
221,929,38,4.2,24.45,34.89,82,20,851,Technical Skills
290.2,1408,35,4.85,40.23,49.77,85,25,854,Technical Skills
30.4,144,2,4.7,72,92,10,2,91,Technical Skills
10,59,0,5.9,0,0,6,1,34,Technical Skills
40,172,3,4.3,57.33,80,17,1,142,Technical Skills
5,30,0,6,0,0,2,2,19,Technical Skills
13.2,75,1,5.62,75,80,5,1,32,Tactics and Strategy
86.4,381,12,4.4,31.75,43.33,36,1,317,Technical Skills
9,30,4,3.33,7.5,13.5,2,2,41,Technical Skills
115.5,542,32,4.68,16.94,21.72,51,5,428,Technical Skills
36,207,2,5.75,103.5,108,11,8,103,Technical Skills
209.2,988,24,4.72,41.17,52.33,72,16,629,Technical Skills
1,7,0,7,0,0,1,0,3,Tactics and Strategy
121.1,550,12,4.54,45.83,60.58,42,15,414,Technical Skills
59,324,5,5.49,64.8,70.8,27,5,157,Technical Skills
8,51,0,6.38,0,0,5,0,20,Technical Skills
577.5,3221,110,5.57,29.28,31.52,371,31,2100,Technical Skills
3,21,0,7,0,0,2,1,10,Technical Skills
115.1,708,22,6.15,32.18,31.41,70,17,346,Technical Skills
47.5,231,8,4.83,28.88,35.88,8,7,161,Technical Skills
275.1,1387,44,5.04,31.52,37.52,178,12,1017,Technical Skills
44,224,5,5.09,44.8,52.8,20,6,141,Technical Skills
101.2,582,12,5.74,48.5,50.67,65,8,372,Technical Skills
35,172,2,4.91,86,105,16,3,122,Technical Skills
4,16,0,4,0,0,1,0,14,Technical Skills
10.5,55,1,5.08,55,65,2,0,28,Tactics and Strategy
17.5,85,2,4.77,42.5,53.5,12,0,69,Technical Skills
7,29,0,4.14,0,0,0,0,18,Technical Skills
64.5,233,10,3.59,23.3,38.9,22,1,251,Technical Skills
16,95,0,5.94,0,0,7,2,42,Technical Skills
8,27,1,3.38,27,48,0,1,31,Tactics and Strategy
10,56,2,5.6,28,30,8,1,34,Technical Skills
24.5,131,4,5.28,32.75,37.25,7,4,76,Technical Skills
183.5,931,20,5.06,46.55,55.15,64,12,513,Technical Skills
298.1,1416,49,4.75,28.9,36.51,107,23,965,Technical Skills
589.2,2956,63,5.02,46.92,56.13,190,70,1723,Technical Skills
983.2,5740,175,5.84,32.8,33.71,547,110,2929,Technical Skills
29.1,133,5,4.56,26.6,35,13,2,111,Technical Skills
279.4,1555,52,5.56,29.9,32.27,176,27,934,Technical Skills
454,2152,63,4.74,34.16,43.24,113,37,1332,Technical Skills
269.5,1330,29,4.93,45.86,55.83,93,27,819,Technical Skills
53,225,5,4.25,45,63.6,28,3,214,Technical Skills
347,1943,53,5.6,36.66,39.28,238,23,1259,Technical Skills
349.3,1641,44,4.7,37.3,47.66,97,31,1072,Technical Skills
85,515,9,6.06,57.22,56.67,38,11,231,Technical Skills
8,50,3,6.25,16.67,16,3,2,27,Technical Skills
341,1471,43,4.31,34.21,47.58,98,41,1176,Technical Skills
11,63,2,5.73,31.5,33,8,0,32,Technical Skills
1,20,0,20,0,0,2,2,2,Precision and Consistency
64,385,10,6.02,38.5,38.4,32,7,181,Technical Skills
4,29,0,7.25,0,0,3,1,14,Technical Skills
7,39,0,5.57,0,0,1,3,22,Technical Skills
14,78,3,5.57,26,28,10,1,48,Technical Skills
933,4127,169,4.42,24.42,33.12,387,52,3413,Technical Skills
9,30,0,3.33,0,0,3,0,35,Technical Skills
153.2,1034,31,6.74,33.35,29.68,127,19,499,Technical Skills
32.1,184,7,5.72,26.29,27.57,11,2,74,Technical Skills
45,189,7,4.2,27,38.57,12,0,150,Technical Skills
14,109,4,7.79,27.25,21,12,2,29,Technical Skills
47.1,260,10,5.51,26,28.3,27,5,181,Technical Skills
1,3,0,3,0,0,0,0,3,Technical Skills
53,317,8,5.98,39.62,39.75,29,8,166,Technical Skills
15,56,3,3.73,18.67,30,2,1,56,Technical Skills
33,177,5,5.36,35.4,39.6,14,2,87,Technical Skills
75.1,294,9,3.91,32.67,50.11,33,2,279,Technical Skills
540.2,2774,77,5.13,36.03,42.1,302,35,1880,Technical Skills
8,38,1,4.75,38,48,4,0,30,Tactics and Strategy
33,159,3,4.82,53,66,11,3,102,Technical Skills
1302.3,5840,122,4.48,47.87,64.06,329,106,4092,Technical Skills
141.1,673,17,4.77,39.59,49.82,31,19,413,Technical Skills
100.5,482,11,4.78,43.82,55,42,12,357,Technical Skills
93,472,12,5.08,39.33,46.5,46,2,334,Technical Skills
30,164,4,5.47,41,45,14,0,79,Technical Skills
170.3,986,25,5.78,39.44,40.92,103,18,569,Technical Skills
248,1539,27,6.21,57,55.11,129,24,636,Technical Skills
7,45,0,6.43,0,0,5,1,22,Technical Skills
14,61,2,4.36,30.5,42,4,0,40,Technical Skills
10,60,2,6,30,30,6,1,25,Technical Skills
3,45,2,15,22.5,9,2,4,5,Precision and Consistency
10.1,52,1,5.11,52,61,6,0,30,Tactics and Strategy
10,40,3,4,13.33,20,1,0,26,Technical Skills
18,96,2,5.33,48,54,6,1,47,Technical Skills
37,174,6,4.7,29,37,6,5,110,Technical Skills
77.5,395,13,5.07,30.38,35.92,45,7,282,Technical Skills
52.4,256,5,4.86,51.2,63.2,15,6,160,Technical Skills
854.1,4241,110,4.97,38.55,46.59,293,49,2521,Technical Skills
120.1,657,16,5.47,41.06,45.06,75,8,422,Technical Skills
25,151,2,6.04,75.5,75,16,1,62,Technical Skills
6,25,0,4.17,0,0,1,0,22,Technical Skills
764,4042,141,5.29,28.67,32.51,414,67,2604,Technical Skills
350.4,1672,44,4.77,38,47.82,185,28,1374,Technical Skills
8,48,1,6,48,48,4,0,18,Tactics and Strategy
58,250,4,4.31,62.5,87,30,4,230,Technical Skills
8.3,57,0,6.71,0,0,4,1,22,Technical Skills
197.4,1323,32,6.69,41.34,37.06,146,30,629,Technical Skills
30,83,3,2.77,27.67,60,2,0,117,Technical Skills
23,139,6,6.04,23.17,23,7,6,65,Technical Skills
67,392,9,5.85,43.56,44.67,48,3,232,Technical Skills
3,13,1,4.33,13,18,2,0,12,Tactics and Strategy
19,105,1,5.53,105,114,9,2,51,Tactics and Strategy
383.1,1760,46,4.59,38.26,49.98,103,44,1222,Technical Skills
150.1,743,17,4.95,43.71,53,87,6,540,Technical Skills
218.4,1117,32,5.11,34.91,41,82,27,696,Technical Skills
146,652,21,4.47,31.05,41.71,35,11,465,Technical Skills
60,261,6,4.35,43.5,60,24,1,200,Technical Skills
405,1929,42,4.76,45.93,57.86,119,34,1232,Technical Skills
57.2,413,12,7.2,34.42,28.67,47,10,180,Technical Skills
6,37,2,6.17,18.5,18,6,0,20,Technical Skills
21,90,2,4.29,45,63,9,0,78,Technical Skills
46.3,326,4,7.01,81.5,69.75,22,14,121,Technical Skills
6,21,1,3.5,21,36,3,0,29,Tactics and Strategy
3,19,0,6.33,0,0,1,0,4,Technical Skills
237.1,1077,39,4.54,27.62,36.49,113,2,899,Technical Skills
360,1970,56,5.47,35.18,38.57,219,26,1228,Technical Skills
254.5,1152,29,4.52,39.72,52.72,93,15,885,Technical Skills
159.5,908,27,5.68,33.63,35.52,106,9,515,Technical Skills
27,163,6,6.04,27.17,27,14,7,81,Technical Skills
74.1,423,12,5.7,35.25,37.08,42,3,224,Technical Skills
402.3,2031,78,5.05,26.04,30.96,149,46,1235,Technical Skills
77.2,414,6,5.35,69,77.33,41,5,276,Technical Skills
21.4,133,6,6.14,22.17,21.67,13,4,64,Technical Skills
9,37,1,4.11,37,54,4,0,35,Tactics and Strategy
1050.4,5180,156,4.93,33.21,40.41,315,117,3155,Technical Skills
78.2,415,11,5.3,37.73,42.73,38,3,253,Technical Skills
14,75,1,5.36,75,84,12,0,48,Tactics and Strategy
25,160,1,6.4,160,150,11,2,61,Tactics and Strategy
156.5,697,28,4.44,24.89,33.61,56,14,550,Technical Skills
26,197,6,7.58,32.83,26,19,7,69,Technical Skills
102.3,521,12,5.08,43.42,51.25,51,7,342,Technical Skills
400.3,2101,77,5.25,27.29,31.21,209,29,1331,Technical Skills
326.2,1739,56,5.33,31.05,34.96,190,23,1134,Technical Skills
6,50,2,8.33,25,18,6,1,17,Tactics and Strategy
46.4,275,3,5.89,91.67,93.33,23,2,106,Technical Skills
665,3412,115,5.13,29.67,34.7,351,44,2337,Technical Skills
139.1,839,18,6.03,46.61,46.39,58,29,359,Technical Skills
34.2,177,6,5.16,29.5,34.33,6,6,98,Technical Skills
195,1083,27,5.55,40.11,43.33,109,25,632,Technical Skills
99,589,19,5.95,31,31.26,58,9,321,Technical Skills
282.1,1336,60,4.73,22.27,28.22,131,29,1082,Technical Skills
4,32,1,8,32,24,4,0,9,Tactics and Strategy
239.2,1423,38,5.95,37.45,37.79,145,42,787,Technical Skills
1625,7936,220,4.88,36.07,44.32,525,179,4964,Technical Skills
26.5,149,6,5.55,24.83,26.83,8,3,69,Technical Skills
4,16,0,4,0,0,0,0,9,Technical Skills
113.1,658,18,5.81,36.56,37.72,76,7,364,Technical Skills
90.2,533,15,5.9,35.53,36.13,46,15,272,Technical Skills
15,97,1,6.47,97,90,5,4,35,Tactics and Strategy
89.5,459,15,5.11,30.6,35.93,13,11,235,Technical Skills
5,34,0,6.8,0,0,1,0,13,Technical Skills
166.1,856,27,5.15,31.7,36.93,96,6,641,Technical Skills
646.5,3534,109,5.46,32.42,35.61,395,51,2201,Technical Skills
883.1,3748,183,4.24,20.48,28.96,262,50,2991,Technical Skills
9.5,69,0,7.02,0,0,5,4,29,Technical Skills
8,69,1,8.62,69,48,7,1,21,Tactics and Strategy
10,68,1,6.8,68,60,10,1,33,Tactics and Strategy
20.2,128,1,6.3,128,122,15,1,60,Tactics and Strategy
158.5,743,20,4.68,37.15,47.65,64,7,519,Technical Skills
275,1440,36,5.24,40,45.83,143,15,892,Technical Skills
10,54,3,5.4,18,20,6,0,31,Technical Skills
13,60,1,4.62,60,78,5,1,46,Tactics and Strategy
54,303,5,5.61,60.6,64.8,37,1,172,Technical Skills
6,48,1,8,48,36,6,1,22,Tactics and Strategy
7,46,0,6.57,0,0,2,2,18,Technical Skills
138.1,570,14,4.13,40.71,59.21,37,13,495,Technical Skills
193.3,996,25,5.15,39.84,46.44,57,20,510,Technical Skills
47,233,10,4.96,23.3,28.2,18,6,145,Technical Skills
68,330,8,4.85,41.25,51,31,2,230,Technical Skills
8.1,31,3,3.8,10.33,16.33,3,0,31,Technical Skills
99.4,522,9,5.24,58,66.44,24,8,236,Technical Skills
21.2,117,1,5.48,117,128,8,3,62,Tactics and Strategy
4,26,0,6.5,0,0,2,0,7,Technical Skills
19.1,97,4,5.06,24.25,28.75,15,0,71,Technical Skills
205.3,1038,27,5.05,38.44,45.67,83,21,666,Technical Skills
23,135,5,5.87,27,27.6,14,3,80,Technical Skills
9,69,2,7.67,34.5,27,5,0,16,Tactics and Strategy
171.5,832,44,4.84,18.91,23.43,101,4,616,Technical Skills
84.3,461,9,5.46,51.22,56.33,46,6,280,Technical Skills
56.3,329,10,5.82,32.9,33.9,17,15,161,Technical Skills
546.2,2681,75,4.91,35.75,43.71,162,60,1639,Technical Skills
15,113,0,7.53,0,0,16,0,40,Technical Skills
206.5,997,28,4.82,35.61,44.32,95,15,750,Technical Skills
57.4,281,10,4.87,28.1,34.6,21,3,177,Technical Skills
50,298,8,5.96,37.25,37.5,31,8,165,Technical Skills
223,1202,46,5.39,26.13,29.09,135,18,762,Technical Skills
85.3,448,12,5.24,37.33,42.75,47,7,313,Technical Skills
35,124,6,3.54,20.67,35,7,2,126,Technical Skills
1,2,1,2,2,6,0,0,4,Technical Skills
15,99,2,6.6,49.5,45,12,1,50,Technical Skills
29.5,151,3,5.06,50.33,59.67,20,3,116,Technical Skills
258.5,1254,27,4.84,46.44,57.52,66,34,780,Technical Skills
67,239,11,3.57,21.73,36.55,27,0,285,Technical Skills
55.2,330,8,5.96,41.25,41.5,20,5,147,Technical Skills
361.5,1593,51,4.4,31.24,42.57,88,37,1186,Technical Skills
74.2,273,8,3.67,34.12,55.75,18,1,286,Technical Skills
115.5,606,20,5.23,30.3,34.75,61,7,387,Technical Skills
119.2,686,21,5.75,32.67,34.1,83,9,402,Technical Skills
14.5,90,2,6.07,45,44.5,8,0,42,Technical Skills
72.3,369,10,5.09,36.9,43.5,13,8,205,Technical Skills
179.2,937,32,5.22,29.28,33.62,96,9,617,Technical Skills
68.1,353,6,5.18,58.83,68.17,19,7,204,Technical Skills
63,313,5,4.97,62.6,75.6,21,7,206,Technical Skills
7,21,1,3,21,42,2,0,30,Tactics and Strategy
6,26,1,4.33,26,36,2,0,21,Tactics and Strategy
22.1,117,2,5.28,58.5,66.5,13,1,75,Technical Skills
20,46,4,2.3,11.5,30,4,0,95,Technical Skills
671.2,2954,89,4.4,33.19,45.26,194,49,2203,Technical Skills
10,45,2,4.5,22.5,30,4,0,31,Technical Skills
166.4,874,21,5.24,41.62,47.62,46,12,429,Technical Skills
121.4,765,19,6.29,40.26,38.42,75,13,336,Technical Skills
54,214,6,3.96,35.67,54,16,0,199,Technical Skills
5,36,0,7.2,0,0,3,1,18,Technical Skills
427.3,2343,69,5.48,33.96,37.17,284,18,1513,Technical Skills
17,102,1,6,102,102,7,1,47,Tactics and Strategy
16,76,2,4.75,38,48,5,2,50,Technical Skills
14,99,0,7.07,0,0,7,3,40,Technical Skills
7,47,1,6.71,47,42,4,1,13,Tactics and Strategy
28,137,2,4.89,68.5,84,5,3,77,Technical Skills
255.5,1191,34,4.66,35.03,45.15,65,28,833,Technical Skills
7.3,44,1,5.87,44,45,3,0,15,Tactics and Strategy
94,565,16,6.01,35.31,35.25,30,11,220,Technical Skills
76,390,9,5.13,43.33,50.67,18,8,206,Technical Skills
309.5,1523,40,4.92,38.08,46.48,136,7,953,Technical Skills
12,74,1,6.17,74,72,5,0,21,Tactics and Strategy
37.5,190,4,5.02,47.5,56.75,8,5,100,Technical Skills
1,2,0,2,0,0,0,0,4,Technical Skills
53,249,3,4.7,83,106,21,3,175,Technical Skills
109.5,468,12,4.26,39,54.92,33,10,388,Technical Skills
10,40,2,4,20,30,1,1,39,Technical Skills
12,74,4,6.17,18.5,18,7,0,32,Technical Skills
779.4,4427,129,5.68,34.32,36.26,444,68,2475,Technical Skills
77.1,464,14,6.01,33.14,33.07,50,3,228,Technical Skills
9.4,43,1,4.45,43,58,5,0,33,Tactics and Strategy
0.2,0,0,0,0,0,0,0,2,Technical Skills
876.5,3525,97,4.02,36.34,54.24,211,68,3067,Technical Skills
22,127,0,5.77,0,0,7,5,61,Technical Skills
10,76,2,7.6,38,30,4,4,23,Tactics and Strategy
6,42,1,7,42,36,6,0,18,Tactics and Strategy
128.2,606,9,4.72,67.33,85.56,51,13,427,Technical Skills
100.4,376,26,3.74,14.46,23.23,28,5,388,Technical Skills
7.2,36,0,4.91,0,0,1,1,19,Technical Skills
1,18,0,18,0,0,3,1,2,Precision and Consistency
13,47,0,3.62,0,0,1,0,42,Technical Skills
38.1,146,4,3.83,36.5,57.25,11,3,134,Technical Skills
186.3,841,24,4.51,35.04,46.62,54,16,613,Technical Skills
7.5,68,0,8.68,0,0,9,1,13,Technical Skills
28,125,5,4.46,25,33.6,12,0,107,Technical Skills
26,130,6,5,21.67,26,8,3,81,Technical Skills
20,90,1,4.5,90,120,5,0,59,Tactics and Strategy
27,179,0,6.63,0,0,16,6,72,Technical Skills
8,48,0,6,0,0,3,0,17,Technical Skills
493,2097,122,4.25,17.19,24.25,178,43,1824,Technical Skills
18,61,4,3.39,15.25,27,2,1,66,Technical Skills
69.5,320,14,4.58,22.86,29.93,38,3,256,Technical Skills
151.2,770,16,5.09,48.12,56.75,32,13,399,Technical Skills
51,259,10,5.08,25.9,30.6,23,3,178,Technical Skills
324.1,1767,32,5.45,55.22,60.78,112,41,892,Technical Skills
239.3,1214,36,5.07,33.72,39.92,64,29,676,Technical Skills
25,188,2,7.52,94,75,21,5,70,Tactics and Strategy
412.4,2509,76,6.08,33.01,32.58,317,22,1417,Technical Skills
19,80,4,4.21,20,28.5,6,1,67,Technical Skills
30.4,160,6,5.22,26.67,30.67,21,0,114,Technical Skills
27.3,144,3,5.24,48,55,20,2,103,Technical Skills
6,21,2,3.5,10.5,18,0,1,22,Technical Skills
28.4,129,2,4.5,64.5,86,10,2,101,Technical Skills
10,49,1,4.9,49,60,0,0,19,Tactics and Strategy
165.1,894,28,5.41,31.93,35.39,84,18,541,Technical Skills
6,37,0,6.17,0,0,5,0,19,Technical Skills
2,17,0,8.5,0,0,0,2,5,Technical Skills
75,334,11,4.45,30.36,40.91,29,5,259,Technical Skills
6,46,0,7.67,0,0,6,0,11,Technical Skills
51,345,3,6.76,115,102,35,5,107,Technical Skills
17,91,3,5.35,30.33,34,12,1,68,Technical Skills
24,111,2,4.62,55.5,72,4,1,71,Technical Skills
1000,4181,183,4.18,22.85,32.79,294,58,3449,Technical Skills
4,15,1,3.75,15,24,1,0,13,Tactics and Strategy
1,10,0,10,0,0,2,0,2,Precision and Consistency
11.3,90,0,7.83,0,0,3,5,27,Technical Skills
6,23,0,3.83,0,0,0,0,18,Technical Skills
10,44,1,4.4,44,60,3,0,29,Tactics and Strategy
20,115,0,5.75,0,0,14,0,62,Technical Skills
343.5,1689,45,4.91,37.53,45.84,120,27,1080,Technical Skills
13,46,2,3.54,23,39,2,1,47,Technical Skills
20,112,0,5.6,0,0,14,1,64,Technical Skills
1,17,0,17,0,0,2,1,2,Precision and Consistency
62.5,310,10,4.93,31,37.7,15,9,182,Technical Skills
10,57,1,5.7,57,60,3,0,22,Tactics and Strategy
52,336,9,6.46,37.33,34.67,29,8,138,Technical Skills
380.5,1657,57,4.35,29.07,40.09,92,24,1286,Technical Skills
43,180,3,4.19,60,86,15,0,145,Technical Skills
2,15,0,7.5,0,0,0,1,4,Technical Skills
7.5,37,1,4.72,37,47,0,1,18,Tactics and Strategy
34,272,7,8,38.86,29.14,24,13,106,Technical Skills
8,56,1,7,56,48,4,2,18,Tactics and Strategy
73.4,384,7,5.21,54.86,63.14,34,1,213,Technical Skills
5.3,22,0,4,0,0,0,2,22,Technical Skills
810.4,3780,114,4.66,33.16,42.67,295,48,2616,Technical Skills
362.4,1831,42,5.05,43.6,51.81,140,20,1130,Technical Skills
32,145,7,4.53,20.71,27.43,13,2,113,Technical Skills
14,58,5,4.14,11.6,16.8,9,0,59,Technical Skills
19,110,2,5.79,55,57,14,1,65,Technical Skills
779.2,3845,79,4.93,48.67,59.19,237,75,2355,Technical Skills
12,88,0,7.33,0,0,7,1,26,Technical Skills
1019.3,5372,178,5.27,30.18,34.37,590,76,3503,Technical Skills
76.1,400,5,5.25,80,91.4,32,4,224,Technical Skills
5,26,0,5.2,0,0,2,1,16,Technical Skills
19,92,4,4.84,23,28.5,6,4,64,Technical Skills
7,29,1,4.14,29,42,1,0,19,Tactics and Strategy
715.5,3067,147,4.28,20.86,29.22,326,27,2914,Technical Skills
4,24,1,6,24,24,2,0,8,Tactics and Strategy
7.1,54,0,7.53,0,0,4,2,21,Technical Skills
7,48,0,6.86,0,0,3,1,25,Technical Skills
7,31,1,4.43,31,42,1,2,24,Tactics and Strategy
11,67,0,6.09,0,0,4,2,26,Technical Skills
84.3,515,12,6.09,42.92,42.25,50,4,232,Technical Skills
9,72,0,8,0,0,8,2,18,Technical Skills
49.5,274,9,5.5,30.44,33.22,30,2,184,Technical Skills
8,61,0,7.62,0,0,7,1,21,Technical Skills
9.5,67,3,6.81,22.33,19.67,7,1,25,Technical Skills
17.3,110,1,6.29,110,105,9,3,52,Tactics and Strategy
235,1010,26,4.3,38.85,54.23,94,5,987,Technical Skills
564.5,2964,85,5.25,34.87,39.87,200,68,1612,Technical Skills
10,40,0,4,0,0,1,0,26,Technical Skills
420.2,2512,70,5.98,35.89,36.03,301,36,1399,Technical Skills
306.2,1837,38,6,48.34,48.37,206,22,1067,Technical Skills
26,125,3,4.81,41.67,52,11,1,75,Technical Skills
449,2488,104,5.54,23.92,25.9,277,43,1540,Technical Skills
2221.4,10200,320,4.59,31.88,41.66,674,96,6866,Technical Skills
28,94,1,3.36,94,168,8,1,109,Tactics and Strategy
3,16,0,5.33,0,0,2,0,8,Technical Skills
16,73,1,4.56,73,96,7,1,61,Tactics and Strategy
33,251,7,7.61,35.86,28.29,26,10,107,Technical Skills
18.3,125,4,6.76,31.25,27.75,15,3,49,Technical Skills
2027.5,9128,308,4.5,29.64,39.5,564,198,6616,Technical Skills
2,18,0,9,0,0,3,0,3,Technical Skills
1,13,0,13,0,0,1,1,1,Precision and Consistency
62.1,243,12,3.91,20.25,31.08,18,2,230,Technical Skills
67.4,286,10,4.23,28.6,40.6,26,3,255,Technical Skills
325.1,1554,43,4.78,36.14,45.37,162,22,1201,Technical Skills
146.5,640,13,4.36,49.23,67.77,47,11,494,Technical Skills
66.4,417,13,6.26,32.08,30.77,41,9,180,Technical Skills
22,78,4,3.55,19.5,33,6,2,94,Technical Skills
47.1,255,11,5.41,23.18,25.73,30,3,161,Technical Skills
24,163,3,6.79,54.33,48,19,6,77,Technical Skills
1025.3,4957,193,4.83,25.68,31.88,508,35,3889,Technical Skills
8,41,0,5.12,0,0,5,0,23,Technical Skills
1197.5,5635,142,4.7,39.68,50.61,322,87,3722,Technical Skills
275.1,1524,56,5.54,27.21,29.48,161,37,953,Technical Skills
29,173,2,5.97,86.5,87,8,5,67,Technical Skills
2,11,0,5.5,0,0,1,0,4,Technical Skills
2,9,0,4.5,0,0,1,0,7,Technical Skills
155.4,801,33,5.15,24.27,28.3,74,15,563,Technical Skills
199.3,1169,30,5.86,38.97,39.9,128,12,703,Technical Skills
767.4,3737,89,4.87,41.99,51.75,253,59,2321,Technical Skills
253,1011,39,4,25.92,38.92,55,30,895,Technical Skills
12,62,2,5.17,31,36,8,1,47,Technical Skills
401.5,1929,40,4.8,48.22,60.28,124,33,1236,Technical Skills
16.3,107,3,6.48,35.67,33,10,2,49,Technical Skills
10,49,1,4.9,49,60,4,1,32,Tactics and Strategy
483.2,2480,76,5.13,32.63,38.16,290,19,1799,Technical Skills
2,6,0,3,0,0,0,0,7,Technical Skills
8,35,0,4.38,0,0,4,0,26,Technical Skills
354.2,1811,36,5.11,50.31,59.06,113,31,959,Technical Skills
356.3,1543,54,4.33,28.57,39.61,103,23,1259,Technical Skills
8,68,0,8.5,0,0,3,4,11,Technical Skills
44.2,254,8,5.73,31.75,33.25,28,6,165,Technical Skills
1814.3,9712,338,5.35,28.73,32.21,995,81,6138,Technical Skills
119.2,725,16,6.08,45.31,44.75,66,19,360,Technical Skills
212.5,1323,33,6.22,40.09,38.7,130,26,627,Technical Skills
251.3,1431,36,5.69,39.75,41.92,137,18,770,Technical Skills
10,57,2,5.7,28.5,30,4,0,23,Technical Skills
1469.4,5279,204,3.59,25.88,43.23,476,52,6044,Technical Skills
640.4,3175,104,4.96,30.53,36.96,302,48,2235,Technical Skills
64,375,15,5.86,25,25.6,39,7,204,Technical Skills
44.1,233,5,5.28,46.6,53,17,2,117,Technical Skills
393,1874,53,4.77,35.36,44.49,117,45,1249,Technical Skills
499.5,1922,91,3.85,21.12,32.96,172,33,1962,Technical Skills
323.2,2014,65,6.23,30.98,29.85,202,55,1023,Technical Skills
57.5,306,8,5.29,38.25,43.38,22,7,173,Technical Skills
321.4,1639,44,5.1,37.25,43.86,94,42,962,Technical Skills
153.2,722,22,4.71,32.82,41.82,41,28,516,Technical Skills
9,42,1,4.67,42,54,2,1,28,Tactics and Strategy
6,23,1,3.83,23,36,0,1,20,Tactics and Strategy
111,597,19,5.38,31.42,35.05,64,11,392,Technical Skills
491.2,2566,71,5.22,36.14,41.52,261,27,1758,Technical Skills
127.1,572,14,4.5,40.86,54.5,34,11,416,Technical Skills
367.4,1866,62,5.08,30.1,35.58,195,34,1315,Technical Skills
89,525,15,5.9,35,35.6,46,6,229,Technical Skills
13,78,2,6,39,39,6,2,38,Technical Skills
4,15,0,3.75,0,0,0,0,11,Technical Skills
58,275,7,4.74,39.29,49.71,35,2,225,Technical Skills
7,27,0,3.86,0,0,1,1,25,Technical Skills
590,2435,92,4.13,26.47,38.48,169,45,2136,Technical Skills
179.2,971,28,5.41,34.68,38.43,61,16,460,Technical Skills
304.5,1478,53,4.85,27.89,34.51,133,20,1060,Technical Skills
197.5,1089,24,5.5,45.38,49.46,63,22,497,Technical Skills
295,1354,46,4.59,29.43,38.48,113,30,1027,Technical Skills
395.2,2186,53,5.53,41.25,44.75,153,25,1059,Technical Skills
93.1,490,12,5.26,40.83,46.58,48,6,322,Technical Skills
3,14,0,4.67,0,0,2,0,11,Technical Skills
1076.2,5341,168,4.96,31.79,38.44,472,72,3523,Technical Skills
10,59,0,5.9,0,0,3,0,26,Technical Skills
10,68,0,6.8,0,0,12,0,34,Technical Skills
287,1685,52,5.87,32.4,33.12,169,33,936,Technical Skills
6.1,39,0,6.32,0,0,2,2,18,Technical Skills
127.3,720,15,5.65,48,51,46,20,338,Technical Skills
57,381,15,6.68,25.4,22.8,35,8,167,Technical Skills
7,28,1,4,28,42,0,0,18,Tactics and Strategy
591.4,2996,102,5.06,29.37,34.8,347,32,2110,Technical Skills
191.2,1130,33,5.91,34.24,34.79,118,18,604,Technical Skills
1027.1,4878,124,4.75,39.34,49.7,230,72,2930,Technical Skills
7.1,41,1,5.72,41,43,5,0,17,Tactics and Strategy
81.4,439,20,5.38,21.95,24.5,44,7,266,Technical Skills
20,67,5,3.35,13.4,24,4,3,85,Technical Skills
10,45,1,4.5,45,60,7,0,38,Tactics and Strategy
1.2,8,0,6,0,0,1,0,4,Technical Skills
12,58,0,4.83,0,0,2,2,36,Technical Skills
2,4,1,2,4,12,0,0,9,Technical Skills
25,79,5,3.16,15.8,30,4,0,92,Technical Skills
15,78,1,5.2,78,90,10,0,55,Tactics and Strategy
3,24,0,8,0,0,1,1,6,Technical Skills
131.5,892,25,6.77,35.68,31.64,88,21,375,Technical Skills
281.2,1461,62,5.19,23.56,27.23,151,8,1060,Technical Skills
3,32,0,10.67,0,0,2,1,4,Technical Skills
11,84,1,7.64,84,66,11,0,31,Tactics and Strategy
394.3,1885,53,4.78,35.57,44.66,203,18,1491,Technical Skills
6.1,22,0,3.57,0,0,3,0,24,Technical Skills
171,739,37,4.32,19.97,27.73,72,9,637,Technical Skills
37.2,230,4,6.16,57.5,56,18,7,108,Technical Skills
1,6,1,6,6,6,0,0,1,Tactics and Strategy
17,75,0,4.41,0,0,3,1,52,Technical Skills
1,10,0,10,0,0,2,0,2,Precision and Consistency
306.3,1607,48,5.24,33.48,38.31,142,30,1048,Technical Skills
53.5,262,7,4.87,37.43,46.14,32,5,202,Technical Skills
20,143,3,7.15,47.67,40,14,4,59,Technical Skills
24,168,3,7,56,48,7,10,64,Technical Skills
540.2,3025,65,5.6,46.54,49.88,316,62,1923,Technical Skills
18,125,2,6.94,62.5,54,11,3,40,Tactics and Strategy
413.3,2284,72,5.52,31.72,34.46,179,52,1231,Technical Skills
14,61,2,4.36,30.5,42,4,1,48,Technical Skills
270.5,1380,48,5.1,28.75,33.85,145,10,953,Technical Skills
54,195,12,3.61,16.25,27,16,1,216,Technical Skills
20,122,5,6.1,24.4,24,14,3,78,Technical Skills
1030,5146,211,5,24.39,29.29,550,79,3722,Technical Skills
175,805,31,4.6,25.97,33.87,48,28,577,Technical Skills
34,255,6,7.5,42.5,34,32,4,124,Technical Skills
100.1,547,9,5.46,60.78,66.78,45,10,283,Technical Skills
1,13,0,13,0,0,1,1,2,Precision and Consistency
10,67,0,6.7,0,0,8,0,21,Technical Skills
38.1,208,5,5.45,41.6,45.8,25,0,127,Technical Skills
10,83,1,8.3,83,60,10,3,34,Tactics and Strategy
141,596,19,4.23,31.37,44.53,59,12,553,Technical Skills
55.1,311,12,5.64,25.92,27.58,31,6,174,Technical Skills
405.4,2305,56,5.68,41.16,43.46,282,21,1484,Technical Skills
78.2,424,13,5.41,32.62,36.15,51,1,304,Technical Skills
570.1,3088,102,5.42,30.27,33.54,329,45,1919,Technical Skills
12,85,1,7.08,85,72,6,1,19,Tactics and Strategy
109.1,488,12,4.47,40.67,54.58,31,6,368,Technical Skills
112.5,558,21,4.95,26.57,32.24,59,5,396,Technical Skills
3,28,0,9.33,0,0,4,0,4,Technical Skills
103.3,498,10,4.81,49.8,62.1,54,2,394,Technical Skills
45,246,10,5.47,24.6,27,17,8,138,Technical Skills
7,38,1,5.43,38,42,0,1,21,Tactics and Strategy
28,176,5,6.29,35.2,33.6,16,4,67,Technical Skills
2.3,24,0,9.6,0,0,5,0,8,Technical Skills
1339.5,7427,218,5.54,34.07,36.88,818,140,4517,Technical Skills
13,45,2,3.46,22.5,39,1,0,41,Technical Skills
2,20,1,10,20,12,3,1,6,Tactics and Strategy
207.2,1197,20,5.77,59.85,62.2,138,7,699,Technical Skills
17,86,5,5.06,17.2,20.4,8,1,55,Technical Skills
501.4,2275,74,4.53,30.74,40.68,224,47,1871,Technical Skills
33.1,221,1,6.66,221,199,20,6,82,Tactics and Strategy
34,203,5,5.97,40.6,40.8,15,5,93,Technical Skills
218,1290,34,5.92,37.94,38.47,106,32,607,Technical Skills
2,11,0,5.5,0,0,1,0,4,Technical Skills
71,266,10,3.75,26.6,42.6,21,6,281,Technical Skills
216.4,1157,34,5.34,34.03,38.24,105,19,795,Technical Skills
707.3,3740,114,5.29,32.81,37.24,392,56,2502,Technical Skills
50.1,295,4,5.88,73.75,75.25,39,2,177,Technical Skills
106.1,506,14,4.77,36.14,45.5,29,11,321,Technical Skills
974,4731,106,4.86,44.63,55.13,247,65,2694,Technical Skills
175.3,999,18,5.69,55.5,58.5,72,22,457,Technical Skills
503.1,2305,82,4.58,28.11,36.82,240,27,1990,Technical Skills
5.5,50,1,8.57,50,35,4,1,17,Tactics and Strategy
0.1,2,0,12,0,0,0,0,0,Precision and Consistency
106,548,12,5.17,45.67,53,46,11,317,Technical Skills
1,12,0,12,0,0,2,0,1,Precision and Consistency
19,71,2,3.74,35.5,57,5,2,74,Technical Skills
10,57,1,5.7,57,60,7,0,36,Tactics and Strategy
149.4,684,24,4.57,28.5,37.42,52,11,497,Technical Skills
44,249,5,5.66,49.8,52.8,14,9,132,Technical Skills
7,34,1,4.86,34,42,5,0,28,Tactics and Strategy
703.3,3813,109,5.42,34.98,38.72,396,40,2263,Technical Skills
46,214,4,4.65,53.5,69,4,5,123,Technical Skills
18,83,1,4.61,83,108,2,2,47,Tactics and Strategy
10,48,0,4.8,0,0,2,3,35,Technical Skills
19.3,144,3,7.38,48,39,20,3,54,Technical Skills
206,879,27,4.27,32.56,45.78,103,10,843,Technical Skills
510.5,2408,71,4.71,33.92,43.17,150,34,1592,Technical Skills
18,125,1,6.94,125,108,10,3,48,Tactics and Strategy
7,24,0,3.43,0,0,2,0,27,Technical Skills
1010.5,5253,179,5.2,29.35,33.88,590,62,3688,Technical Skills
61,399,13,6.54,30.69,28.15,51,6,195,Technical Skills
8.2,34,0,4.08,0,0,1,1,27,Technical Skills
106,634,15,5.98,42.27,42.4,46,15,272,Technical Skills
6.2,34,1,5.37,34,38,3,1,21,Tactics and Strategy
2,9,0,4.5,0,0,1,0,7,Technical Skills
9,48,1,5.33,48,54,4,1,24,Tactics and Strategy
5.2,47,0,8.81,0,0,5,1,8,Technical Skills
128,633,34,4.95,18.62,22.59,64,10,457,Technical Skills
593.1,3565,106,6.01,33.63,33.58,424,49,1938,Technical Skills
76.1,433,15,5.68,28.87,30.47,58,1,267,Technical Skills
38,170,6,4.47,28.33,38,21,2,142,Technical Skills
110.2,680,5,6.16,136,132.4,51,9,242,Technical Skills
55.1,271,8,4.91,33.88,41.38,29,1,177,Technical Skills
712.1,3720,91,5.22,40.88,46.96,200,69,2003,Technical Skills
38.5,210,4,5.41,52.5,58.25,25,0,116,Technical Skills
44.3,265,3,5.96,88.33,89,24,3,112,Technical Skills
2,4,0,2,0,0,0,0,9,Technical Skills
233.4,1090,48,4.66,22.71,29.21,110,7,837,Technical Skills
5,40,1,8,40,30,6,0,20,Tactics and Strategy
213.1,986,41,4.63,24.05,31.2,94,21,794,Technical Skills
57.4,230,7,3.99,32.86,49.43,20,1,220,Technical Skills
36,221,7,6.14,31.57,30.86,23,5,116,Technical Skills
26,112,3,4.31,37.33,52,12,1,90,Technical Skills
137.2,741,21,5.4,35.29,39.24,65,18,497,Technical Skills
67,353,7,5.27,50.43,57.43,37,4,251,Technical Skills
2,7,0,3.5,0,0,1,0,9,Technical Skills
63.2,419,11,6.62,38.09,34.55,46,8,191,Technical Skills
5,28,0,5.6,0,0,2,0,10,Technical Skills
12,105,0,8.75,0,0,15,1,40,Technical Skills
18.3,105,1,5.68,105,111,7,2,52,Tactics and Strategy
1,8,0,8,0,0,0,1,3,Tactics and Strategy
5,37,0,7.4,0,0,6,0,11,Technical Skills
134.2,683,13,5.08,52.54,62,39,14,367,Technical Skills
21,157,1,7.48,157,126,14,6,56,Tactics and Strategy
18.5,115,5,6.11,23,22.6,11,1,49,Technical Skills
8.3,33,2,3.88,16.5,25.5,0,1,28,Technical Skills
11,39,0,3.55,0,0,4,0,47,Technical Skills
6,30,0,5,0,0,5,0,24,Technical Skills
720.3,4114,119,5.71,34.57,36.33,407,51,2240,Technical Skills
31,140,1,4.52,140,186,6,0,80,Tactics and Strategy
441.4,2218,89,5.02,24.92,29.78,257,18,1622,Technical Skills
15,76,0,5.07,0,0,5,1,44,Technical Skills
13,95,0,7.31,0,0,13,0,40,Technical Skills
9,70,0,7.78,0,0,6,4,28,Technical Skills
106,521,18,4.92,28.94,35.33,38,14,334,Technical Skills
434.5,1872,73,4.31,25.64,35.74,170,10,1820,Technical Skills
1.3,13,0,8.67,0,0,2,0,2,Precision and Consistency
601.5,2888,104,4.8,27.77,34.72,294,47,2234,Technical Skills
7,61,0,8.71,0,0,10,1,24,Technical Skills
79,448,12,5.67,37.33,39.5,39,8,234,Technical Skills
537.2,3010,99,5.6,30.4,32.57,331,42,1760,Technical Skills
52,193,9,3.71,21.44,34.67,16,4,230,Technical Skills
25,121,4,4.84,30.25,37.5,10,2,83,Technical Skills
221.1,887,26,4.01,34.12,51.04,45,16,751,Technical Skills
258.1,1266,32,4.9,39.56,48.41,83,25,759,Technical Skills
1334.5,5514,206,4.13,26.77,38.88,596,50,5378,Technical Skills
9.1,46,0,5.02,0,0,4,0,22,Technical Skills
31.3,161,6,5.11,26.83,31.5,15,3,109,Technical Skills
144.3,760,26,5.26,29.23,33.35,55,5,408,Technical Skills
16.1,38,8,2.35,4.75,12.12,0,0,72,Technical Skills
465.2,2224,55,4.78,40.44,50.76,138,49,1432,Technical Skills
1.3,6,0,4,0,0,0,0,8,Technical Skills
99.2,622,13,6.26,47.85,45.85,47,27,290,Technical Skills
6,49,0,8.17,0,0,4,2,14,Technical Skills
56.4,304,7,5.36,43.43,48.57,41,3,206,Technical Skills
24,78,5,3.25,15.6,28.8,4,4,101,Technical Skills
1,2,0,2,0,0,0,0,4,Technical Skills
57,308,2,5.4,154,171,33,2,185,Technical Skills
2.5,27,0,9.53,0,0,1,0,5,Technical Skills
18,113,3,6.28,37.67,36,11,2,47,Technical Skills
215.3,1150,24,5.34,47.92,53.88,77,23,587,Technical Skills
50,168,5,3.36,33.6,60,16,2,203,Technical Skills
248.2,1365,33,5.5,41.36,45.15,88,26,640,Technical Skills
41.2,259,3,6.27,86.33,82.67,16,4,92,Technical Skills
623.1,3283,121,5.27,27.13,30.9,180,111,1849,Technical Skills
823.2,4201,110,5.1,38.19,44.91,247,72,2319,Technical Skills
66,260,22,3.94,11.82,18,16,10,252,Technical Skills
1528.2,7549,260,4.94,29.03,35.27,791,54,5555,Technical Skills
10,54,2,5.4,27,30,6,1,34,Technical Skills
8,31,1,3.88,31,48,1,0,22,Tactics and Strategy
17,94,2,5.53,47,51,8,2,66,Technical Skills
20,116,4,5.8,29,30,6,5,57,Technical Skills
20,94,2,4.7,47,60,7,1,60,Technical Skills
36,220,4,6.11,55,54,18,6,95,Technical Skills
20,98,6,4.9,16.33,20,7,0,60,Technical Skills
10,55,2,5.5,27.5,30,5,0,30,Technical Skills
484.3,2419,92,4.99,26.29,31.6,221,30,1628,Technical Skills
6,56,1,9.33,56,36,7,0,14,Tactics and Strategy
27.2,131,4,4.79,32.75,41,19,1,101,Technical Skills
4,27,0,6.75,0,0,3,0,12,Technical Skills
6,39,0,6.5,0,0,6,0,20,Technical Skills
39.3,216,8,5.47,27,29.62,19,6,130,Technical Skills
462,1896,82,4.1,23.12,33.8,129,30,1586,Technical Skills
3.3,22,0,6.29,0,0,2,0,7,Technical Skills
65,301,10,4.63,30.1,39,25,3,213,Technical Skills
49,246,4,5.02,61.5,73.5,25,3,164,Technical Skills
